CNES,HOSPITAL,PORTE,NOME_NORM,Latitude,Longitude,SOBRECARREGADO_REDE_PULMAO
9672427,HOSPITAL REGIONAL VALE DO JAGUARIBE,Medio,HOSPITAL REGIONAL VALE DO JAGUARIBE,-5.119815697481895,-38.148281510879,False
2561417,HOSPITAL SAO JOSE DE DOENCAS INFECCIOSAS,Medio,HOSPITAL SAO JOSE DE DOENCAS INFECCIOSAS,-3.744746236949934,-38.55822836414987,False
2480026,HOSPITAL DE SAUDE MENTAL DE MESSEJANA,Grande,HOSPITAL DE SAUDE MENTAL DE MESSEJANA,-3.8218113889269687,-38.4836803296976,False
7061021,HOSPITAL REGIONAL DO SERTAO CENTRAL,Grande,HOSPITAL REGIONAL DO SERTAO CENTRAL,-5.1832747,-39.2616355,False
6848710,HOSPITAL REGIONAL NORTE,Grande,HOSPITAL REGIONAL NORTE,-3.67692037010037,-40.36864234828256,False
2499363,HGCC HOSPITAL GERAL DR CESAR CALS,Grande,HGCC HOSPITAL GERAL DR CESAR CALS,-3.726173,-38.5335661,False
2785900,HOSPITAL GERAL DR WALDEMAR ALCANTARA,Grande,HOSPITAL GERAL DR WALDEMAR ALCANTARA,-3.8321166,-38.4801848,False
2479214,HM HOSPITAL DE MESSEJANA DR CARLOS ALBERTO STUDART GOMES,Grande,HM HOSPITAL DE MESSEJANA DR CARLOS ALBERTO STUDART GOMES,-3.81554,-38.50138,True
3242587,HOSPITAL REGIONAL UNIMED,Pequeno,HOSPITAL REGIONAL UNIMED,-3.75622082034693,-38.52065746600957,False
6779522,HOSPITAL REGIONAL DO CARIRI,Grande,HOSPITAL REGIONAL DO CARIRI,-7.2263193,-39.3254599,False
2563681,HIAS HOSPITAL INFANTIL ALBERT SABIN,Grande,HIAS HOSPITAL INFANTIL ALBERT SABIN,-3.7627591,-38.5317896,False
2479907,H J M A HOSPITAL JOSE MARTINIANO DE ALENCAR,Medio,H J M A HOSPITAL JOSE MARTINIANO DE ALENCAR,-3.7341816,-38.5378262,False
2497654,HGF HOSPITAL GERAL DE FORTALEZA,Especial,HGF HOSPITAL GERAL DE FORTALEZA,-3.7401048,-38.4759043,False
0086673,HOSPITAL ESTADUAL LEONARDO DA VINCI,Grande,HOSPITAL ESTADUAL LEONARDO DA VINCI,-3.7400923,-38.5100378,False
2527057,CASA DE SAUDE E MATERNIDADE SAO RAIMUNDO,Pequeno,CASA DE SAUDE E MATERNIDADE SAO RAIMUNDO,-3.730774534089497,-38.50615751739406,False
2516632,HOSP DR MOURA FERREIRA,Medio,HOSP DR MOURA FERREIRA,-2.8857993844743963,-40.11621624812955,False
9275134,HOSPITAL MUNICIPAL DE ACOPIARA PADRE CRISARES SAMPAIO COUTO,Medio,HOSPITAL MUNICIPAL DE ACOPIARA PADRE CRISARES SAMPAIO COUTO,-6.0931519,-39.4531552,False
2560992,HOSP NOSSA SRA DO PATROCINIO,Pequeno,HOSP NOSSA SRA DO PATROCINIO,-6.559705954690768,-40.12125205584911,False
2372509,HOSP MUNIC DE ALTANEIRA,Pequeno,HOSP MUNIC DE ALTANEIRA,-6.999225477776879,-39.73735977217787,False
2527685,HOSPITAL MATERNIDADE SANTA RITA,Pequeno,HOSPITAL MATERNIDADE SANTA RITA,-5.5170711161614605,-38.26968923830824,False
2427184,HOSPITAL MUNICIPAL DR RIGOBERTO ROMERO DE BARROS,Pequeno,HOSPITAL MUNICIPAL DR RIGOBERTO ROMERO DE BARROS,-3.46676863225564,-40.67810014758903,False
2563347,HOSPITAL ANTONIO ROSENO DE MATOS,Pequeno,HOSPITAL ANTONIO ROSENO DE MATOS,-6.765805433552555,-39.979264571176266,False
2611465,HOSPITAL SAO SEBASTIAO,Pequeno,HOSPITAL SAO SEBASTIAO,-3.945785997723486,-39.42954448078766,False
2561395,HOSP GERAL MANUEL ASSUNCAO PIRES,Pequeno,HOSP GERAL MANUEL ASSUNCAO PIRES,-3.9049958,-38.3841268,False
2372967,HOSPITAL MUNICIPAL DR EDUARDO DIAS,Medio,HOSPITAL MUNICIPAL DR EDUARDO DIAS,-4.562981574595703,-37.76377353711932,False
2373009,HOSPITAL E MATERNIDADE SANTA LUISA DE MARILLAC,Medio,HOSPITAL E MATERNIDADE SANTA LUISA DE MARILLAC,-4.562208807071716,-37.77036450508371,False
4010779,HOSP MATERN SANTA IZABEL ARACOIABA,Medio,HOSP MATERN SANTA IZABEL ARACOIABA,-4.371982,-38.8104556,False
2414996,HOSP MUNIC FRANCISCO M LIMA,Pequeno,HOSP MUNIC FRANCISCO M LIMA,-4.74886510702092,-40.82982990594955,False
2372487,HOSP MATERN LIA LOIOLA DE ALENCAR,Pequeno,HOSP MATERN LIA LOIOLA DE ALENCAR,-7.21356330254606,-40.13637969243444,False
2333813,SOCIEDADE HOSPITALAR PE DIONISIO,Pequeno,SOCIEDADE HOSPITALAR PE DIONISIO,-4.419082614330919,-39.0448010131946,True
2328038,HOSPITAL MUNICIPAL DE ARNEIROZ,Pequeno,HOSPITAL MUNICIPAL DE ARNEIROZ,-6.317314357252552,-40.16482268844805,False
4010825,HOSP MUNIC NOSSA SENHORA DAS DORES,Pequeno,HOSP MUNIC NOSSA SENHORA DAS DORES,-6.883068029970658,-39.87224579030725,False
2514729,HOSPITAL GERAL IGNEZ ANDREAZZA,Medio,HOSPITAL GERAL IGNEZ ANDREAZZA,-6.949135245731451,-38.964639787135766,False
2552345,HOSPITAL SAO FRANCISCO,Pequeno,HOSPITAL SAO FRANCISCO,-6.728778115621996,-38.71562915938775,False
2611201,HOSPITAL MUNICIPAL SENADOR CARLOS JEREISSATI,Pequeno,HOSPITAL MUNICIPAL SENADOR CARLOS JEREISSATI,-5.308903,-38.9226043,True
2564238,HOSPITAL MATERNIDADE SANTO ANTONIO HMSA,Medio,HOSPITAL MATERNIDADE SANTO ANTONIO HMSA,-7.319812048010991,-39.30116870663131,False
4010868,HOSPITAL DO CORACAO DO CARIRI,Medio,HOSPITAL DO CORACAO DO CARIRI,-7.319751070656504,-39.30190465689551,False
2564211,HOSPITAL MATERNIDADE SAO VICENTE DE PAULO HMSVP,Grande,HOSPITAL MATERNIDADE SAO VICENTE DE PAULO HMSVP,-7.3119638,-39.3027232,False
2373475,HOSPITAL DE BARREIRA,Pequeno,HOSPITAL DE BARREIRA,-4.279981753263235,-38.63631880308223,False
2724359,HOSP MUNIC SANTO ANTONIO,Pequeno,HOSP MUNIC SANTO ANTONIO,-7.172171273676854,-38.77510437133115,False
2333716,HOSPITAL E MATERNIDADE JOSE PINTO DO CARMO,Medio,HOSPITAL E MATERNIDADE JOSE PINTO DO CARMO,-4.3278553,-38.8824123,False
2372819,HOSPITAL MUNICIPAL MONSENHOR DOURADO,Medio,HOSPITAL MUNICIPAL MONSENHOR DOURADO,-4.181112008182183,-38.13127361007147,False
2563487,HOSPITAL MUNICIPAL DE BELA CRUZ,Pequeno,HOSPITAL MUNICIPAL DE BELA CRUZ,-3.0530863,-40.1667241,False
2479028,CASA DE SAUDE ADILIA MARIA,Medio,CASA DE SAUDE ADILIA MARIA,-5.125235399999999,-39.729597,False
2480646,IMTAVI,Medio,IMTAVI,-7.485829499999999,-38.9839332,False
2611635,INCRI,Medio,INCRI,-7.487798439365984,-38.990137955863645,False
2480654,CASA DE SAUDE NOSSA SENHORA DE FATIMA,Pequeno,CASA DE SAUDE NOSSA SENHORA DE FATIMA,-7.491084747632713,-38.98612847838612,False
2327945,HOSPITAL DEPUTADO MURILO AGUIAR,Medio,HOSPITAL DEPUTADO MURILO AGUIAR,-2.9008808,-40.8419427,False
2372517,HOSPITAL MUNICIPAL DE CAMPOS SALES,Pequeno,HOSPITAL MUNICIPAL DE CAMPOS SALES,-7.0743223,-40.37156,False
2527413,HOSPITAL E MATERNIDADE REGIONAL SAO FRANCISCO,Medio,HOSPITAL E MATERNIDADE REGIONAL SAO FRANCISCO,-4.362193832452204,-39.31369957245525,False
2561034,HOSPITAL E MATERNIDADE NOSSA SENHORA DE NAZARE,Pequeno,HOSPITAL E MATERNIDADE NOSSA SENHORA DE NAZARE,-4.465712992413828,-38.9038763017703,False
2611643,HOSPITAL DE PEQUENO PORTE DE CARIDADE,Pequeno,HOSPITAL DE PEQUENO PORTE DE CARIDADE,-4.2290373,-39.1909146,False
7043597,HOSPITAL MUNICIPAL DE CARIRE,Pequeno,HOSPITAL MUNICIPAL DE CARIRE,-3.9482476,-40.4724338,False
2425343,HOSP MATERN GERALDO L BOTELHO,Pequeno,HOSP MATERN GERALDO L BOTELHO,-7.039834011970959,-39.27653970233924,False
2561468,HOSP DR THADEU DE PAULO BRITO,Pequeno,HOSP DR THADEU DE PAULO BRITO,-6.537673829064564,-39.49601994649563,False
2561298,UNID MISTA NOSSA SRA AUXILIADORA,Pequeno,UNID MISTA NOSSA SRA AUXILIADORA,-4.159606996343871,-40.94065942733916,False
2514710,HOSPITAL E MATERNIDADE NOSSA SENHORA DAS GRACAS,Medio,HOSPITAL E MATERNIDADE NOSSA SENHORA DAS GRACAS,-4.130368096161592,-38.23726026666231,False
2333864,HOSPITAL MUNICIPAL DR GENTIL DOMINGUES,Pequeno,HOSPITAL MUNICIPAL DR GENTIL DOMINGUES,-6.13250850508639,-39.87490112838592,False
2561050,HOSPITAL MUNICIPAL DE CATUNDA FRANCISCA GONCALVES DE OLIVEIR,Pequeno,HOSPITAL MUNICIPAL DE CATUNDA FRANCISCA GONCALVES DE OLIVEIR,-4.649025,-40.1999281,False
2562545,HOSP MATERNIDADE SANTA TEREZINHA,Medio,HOSP MATERNIDADE SANTA TEREZINHA,-3.77188570755924,-38.62652155369603,False
2562316,HOSP MUN ABELARDO GADELHA DA ROCHA,Medio,HOSP MUN ABELARDO GADELHA DA ROCHA,-3.7391831,-38.6499459,False
2499029,HOSPITAL E MATERNIDADE ZULMIRA SEDRIN AGUIAR,Medio,HOSPITAL E MATERNIDADE ZULMIRA SEDRIN AGUIAR,-6.6072928,-39.0651707,False
2327953,HOSPITAL MUNICIPAL ELIZETE CARDOSO P PACHECO,Pequeno,HOSPITAL MUNICIPAL ELIZETE CARDOSO P PACHECO,-3.035485780568243,-41.23836095057285,False
2328070,HOSPITAL MATERNIDADE PE JOSE BEZERRA FILHO,Pequeno,HOSPITAL MATERNIDADE PE JOSE BEZERRA FILHO,-4.855342347186748,-39.133840235433446,False
2554755,HOSPITAL MUNICIPAL DE CHOROZINHO,Pequeno,HOSPITAL MUNICIPAL DE CHOROZINHO,-4.300184799999999,-38.49822200000001,False
2479427,HOSPITAL FERNANDO TELES CAMILO,Pequeno,HOSPITAL FERNANDO TELES CAMILO,-3.5518461,-40.6527136,False
2481073,HOSPITAL SAO LUCAS,Grande,HOSPITAL SAO LUCAS,-5.182763636489275,-40.66716290409968,False
2415488,HOSPITAL E MATERNIDADE SAO FRANCISCO DE ASSIS,Medio,HOSPITAL E MATERNIDADE SAO FRANCISCO DE ASSIS,-7.2367808,-39.415336,False
2415461,HOSPITAL SANTE CARIRI,Medio,HOSPITAL SANTE CARIRI,-7.231126900544753,-39.40099981603153,False
2415496,HOSPITAL SAO RAIMUNDO,Medio,HOSPITAL SAO RAIMUNDO,-3.7307661,-38.50626099999999,True
2561352,HOSPITAL MUNICIPAL MONSENHOR ANTONINO,Pequeno,HOSPITAL MUNICIPAL MONSENHOR ANTONINO,-4.4151213,-40.9042025,False
2563460,HOSP MUNIC DONA MARIA MUNIZ,Medio,HOSP MUNIC DONA MARIA MUNIZ,-2.921917927927585,-40.18268711683469,False
2328437,HOSPITAL MUNICIPAL SAO BERNARDO,Pequeno,HOSPITAL MUNICIPAL SAO BERNARDO,-5.916552668165437,-39.26551273860898,False
2526670,HOSPITAL MUNICIPAL FRANCISCO NOGUEIRA DE QUEIROZ,Pequeno,HOSPITAL MUNICIPAL FRANCISCO NOGUEIRA DE QUEIROZ,-6.028244092940372,-38.34796662479939,False
2611295,HOSPITAL MUNICIPAL DOUTOR AMADEU SA,Medio,HOSPITAL MUNICIPAL DOUTOR AMADEU SA,-3.8706513504807054,-38.46924684707703,False
2372479,HOSPITAL GERAL DE FARIAS BRITO HGFB,Pequeno,HOSPITAL GERAL DE FARIAS BRITO HGFB,-6.930616499999999,-39.568966,False
2529149,IJF INSTITUTO DR JOSE FROTA CENTRAL,Especial,IJF INSTITUTO DR JOSE FROTA CENTRAL,-3.7342646700838658,-38.531428645384175,False
2481286,MATERNIDADE ESCOLA ASSIS CHATEAUBRIAND,Grande,MATERNIDADE ESCOLA ASSIS CHATEAUBRIAND,-3.7483734544606415,-38.55287956928848,False
2373971,CENTRO DE NEURORREABILITACAO SARAH FORTALEZA,Medio,CENTRO DE NEURORREABILITACAO SARAH FORTALEZA,-3.818094106650346,-38.53419671099119,False
2516640,HOSPITAL DISTRITAL MARIA JOSE BARROSO DE OLIVEIRA PARANGABA,Medio,HOSPITAL DISTRITAL MARIA JOSE BARROSO DE OLIVEIRA PARANGABA,-3.77899,-38.57196,False
2723220,HOSPITAL HAROLDO JUACABA,Medio,HOSPITAL HAROLDO JUACABA,-3.7473816,-38.5535314,True
6558895,PRONTOCARDIO SERVICOS MEDICOS HOSPITALARES LTDA,Pequeno,PRONTOCARDIO SERVICOS MEDICOS HOSPITALARES LTDA,-3.7286630097825615,-38.505585032909934,False
7047428,HOSPITAL E MATERNIDADE DRA ZILDA ARNS NEUMANN,Grande,HOSPITAL E MATERNIDADE DRA ZILDA ARNS NEUMANN,-3.762924043180869,-38.57404560561884,False
3189546,HOSPITAL SAO CARLOS,Pequeno,HOSPITAL SAO CARLOS,-3.7508609510641535,-38.498951684556914,False
2886529,HOSPITAL DE OLHOS VISAO MASTER E ESPECIALIDADES,Pequeno,,-3.733230732214966,-38.55735287716332,False
6759122,INSTITUTO CLAREAR,Pequeno,INSTITUTO CLAREAR,-3.751395113238347,-38.54918142947984,False
2482339,HOSPITAL DISTRITAL NOSSA SENHORA DA CONCEICAO,Medio,HOSPITAL DISTRITAL NOSSA SENHORA DA CONCEICAO,-3.770490438240333,-38.61619168930962,False
2561492,HOSPITAL UNIVERSITARIO WALTER CANTIDIO,Grande,HOSPITAL UNIVERSITARIO WALTER CANTIDIO,-3.7493236,-38.5517676,False
2611686,HOSPITAL CURA DARS,Medio,HOSPITAL CURA DARS,-3.728124456934741,-38.51610756720876,False
2651351,HOSPITAL DISTRITAL GONZAGA MOTA BARRA DO CEARA,Medio,HOSPITAL DISTRITAL GONZAGA MOTA BARRA DO CEARA,-3.7154253,-38.5972794,False
2651394,SANTA CASA DE MISERICORDIA DE FORTALEZA,Grande,SANTA CASA DE MISERICORDIA DE FORTALEZA,-3.7222056,-38.527551,False
2529068,HOSPITAL DISTRITAL GONZAGA MOTA JOSE WALTER,Medio,HOSPITAL DISTRITAL GONZAGA MOTA JOSE WALTER,-3.8306611201892906,-38.55699830224167,False
2529394,HOSPITAL PSIQUIATRICO SAO VICENTE DE PAULO,Medio,HOSPITAL PSIQUIATRICO SAO VICENTE DE PAULO,-3.767543509990493,-38.56044508981724,False
2529424,INSTITUICAO ESPIRITA NOSSO LAR,Grande,INSTITUICAO ESPIRITA NOSSO LAR,-3.740754008231416,-38.54117740473265,False
2529475,HOSPITAL INFANTIL LUCIA DE FATIMA HIF,Medio,HOSPITAL INFANTIL LUCIA DE FATIMA HIF,-3.762501601335628,-38.57483982889978,False
2529386,HOSPITAL MENINO JESUS,Medio,HOSPITAL MENINO JESUS,-3.777624975703187,-38.56297027699574,False
2516683,HOSPITAL DISTRITAL EVANDRO AYRES DE MOURA ANTONIO BEZERRA,Medio,HOSPITAL DISTRITAL EVANDRO AYRES DE MOURA ANTONIO BEZERRA,-3.740141199999999,-38.5946171,False
2526638,SOPAI HOSPITAL INFANTIL,Grande,SOPAI HOSPITAL INFANTIL,-3.712746137655212,-38.56929409557734,False
2528843,HOSPITAL DISTRITAL DR FERNANDES TAVORA,Grande,HOSPITAL DISTRITAL DR FERNANDES TAVORA,-3.7126897010388378,-38.5729448506617,False
5121957,ESCOLA CEARENSE DE OFTALMOLOGIA,Pequeno,ESCOLA CEARENSE DE OFTALMOLOGIA,-3.795623977858688,-38.49213244905197,False
2723190,CRIO CENTRO REGIONAL INTEGRADO DE ONCOLOGIA,Pequeno,CRIO CENTRO REGIONAL INTEGRADO DE ONCOLOGIA,-3.7132653,-38.5727437,False
2480638,HOSPITAL DE OLHOS LEIRIA DE ANDRADE,Pequeno,HOSPITAL DE OLHOS LEIRIA DE ANDRADE,-3.73899065380025,-38.51482715233995,False
2480565,INSTITUTO DE CEGOS DO CEARA,Pequeno,INSTITUTO DE CEGOS DO CEARA,-3.732019121665087,-38.55259386934222,False
2372568,HOSPITAL MUNICIPAL DO FORTIM DR WALDEMAR ALCANTARA,Pequeno,HOSPITAL MUNICIPAL DO FORTIM DR WALDEMAR ALCANTARA,-4.455745438944914,-37.796012234845065,False
2479818,HOSP MATERN MENINO JESUS DE PRAGA,Pequeno,HOSP MATERN MENINO JESUS DE PRAGA,-3.7603788,-40.814238,False
2562227,HOSP MATERN JULIA JORGE,Pequeno,HOSP MATERN JULIA JORGE,-4.051892632124381,-39.45142519757183,False
2333899,HOSP MATERN DR VICENTE ARRUDA,Pequeno,HOSP MATERN DR VICENTE ARRUDA,-3.124574432042748,-40.83126559398995,False
3384993,HOSPITAL MUNICIPAL DE GRANJEIRO,Pequeno,HOSPITAL MUNICIPAL DE GRANJEIRO,-6.889104799999999,-39.2255098,False
2426455,HOSP MATERN JOAQUIM GUIMARAES,Pequeno,HOSP MATERN JOAQUIM GUIMARAES,-3.916113721930148,-40.38879107885586,False
2664364,HOSPITAL MUNICIPAL DOM ALOISIO LORSCHEIDER,Pequeno,HOSPITAL MUNICIPAL DOM ALOISIO LORSCHEIDER,-4.0423331657615575,-38.633679803750574,False
2561344,HOSPITAL MATERNIDADE SAO JOSE,Pequeno,HOSPITAL MATERNIDADE SAO JOSE,-4.158963387205655,-40.76430268583922,False
2333740,HOSPITAL MUNICIPAL DE GUARAMIRANGA,Pequeno,HOSPITAL MUNICIPAL DE GUARAMIRANGA,-4.261940775004908,-38.93172786357693,False
2528282,HOSPITAL MATERNIDADE DR LUIZ DE GONZAGA FONSECA MOTA,Pequeno,HOSPITAL MATERNIDADE DR LUIZ DE GONZAGA FONSECA MOTA,-4.41129873253632,-40.40060409011666,False
2561433,HOSPITAL E MAT VENANCIO RAIM DE SOUSA,Pequeno,HOSPITAL E MAT VENANCIO RAIM DE SOUSA,-4.09782161048785,-38.48728330729509,False
2664372,HOSPITAL MUNICIPAL ANTONIO CAVALCANTE DE QUEIROZ,Pequeno,HOSPITAL MUNICIPAL ANTONIO CAVALCANTE DE QUEIROZ,-4.820369682908894,-38.82676823646113,False
2561336,HOSPITAL MUNICIPAL MARIA WANDERLENE NEGREIROS DE QUEIROZ,Medio,HOSPITAL MUNICIPAL MARIA WANDERLENE NEGREIROS DE QUEIROZ,-3.9247142,-40.8900189,False
2611309,HOSPITAL REGIONAL DE ICO DEPUTADO ORIEL GUIMARAES NUNES,Medio,HOSPITAL REGIONAL DE ICO DEPUTADO ORIEL GUIMARAES NUNES,-6.4005677,-38.8571841,False
2675560,HOSPITAL REGIONAL DE IGUATU,Grande,HOSPITAL REGIONAL DE IGUATU,-6.3587958,-39.29805899999999,False
2675536,HOSPITAL MATERNIDADE AGENOR ARAUJO,Medio,HOSPITAL MATERNIDADE AGENOR ARAUJO,-6.358432393912175,-39.29344113955305,False
5292190,HOSPITAL SAO VICENTE IESA,Medio,HOSPITAL SAO VICENTE IESA,-6.363394402058099,-39.29676477248615,False
2414848,HOSPITAL MUNICIPAL CEL JOAO GOMES COUTINHO,Pequeno,HOSPITAL MUNICIPAL CEL JOAO GOMES COUTINHO,-5.390571306166454,-40.302748862058245,False
2554658,HOSPITAL MUNICIPAL DRA FRANCY FROTA,Pequeno,HOSPITAL MUNICIPAL DRA FRANCY FROTA,-4.905369919533366,-40.7616723251689,False
2554771,HOSPITAL MATERNIDADE MARIA JOSE DOS SANTOS,Pequeno,HOSPITAL MATERNIDADE MARIA JOSE DOS SANTOS,-6.789129133256757,-38.7259767577818,False
5018110,HOSPITAL MUNICIPAL DR JOSE EVANGELISTA DE OLIVEIRA,Medio,HOSPITAL MUNICIPAL DR JOSE EVANGELISTA DE OLIVEIRA,-4.320780151851159,-40.71289828579279,False
2414872,HOSP MATERN OTACILIO MOTA,Pequeno,HOSP MATERN OTACILIO MOTA,-4.5425791,-40.7173442,False
2372622,HOSPITAL E MATERNIDADE MARIA ROQUE DE MACEDO,Pequeno,HOSPITAL E MATERNIDADE MARIA ROQUE DE MACEDO,-5.8096095,-38.3015293,False
2479478,HOSPITAL MUNICIPAL DR PEDRO DE CASTRO MARINHO,Pequeno,HOSPITAL MUNICIPAL DR PEDRO DE CASTRO MARINHO,-3.7492301,-39.7798954,False
2372673,UNID MISTA JOSEFA MA CONCEICAO,Pequeno,UNID MISTA JOSEFA MA CONCEICAO,-4.678100297354964,-37.82100685077229,False
2724308,HOSPITAL E MATERNIDADE ESTER CAVALCANTE ASSUNCAO,Pequeno,HOSPITAL E MATERNIDADE ESTER CAVALCANTE ASSUNCAO,-3.972865399999999,-38.5211706,False
2562154,HOSP MATERN JOAO FERREIRA GOMES,Pequeno,HOSP MATERN JOAO FERREIRA GOMES,-3.6817330937815633,-39.58909234126292,False
2552086,HOSPITAL MATERNIDADE SAO VICENTE DE PAULO,Grande,HOSPITAL MATERNIDADE SAO VICENTE DE PAULO,-7.3119638,-39.3027232,False
0153087,HOSPITAL REGIONAL DE ITAPIPOCA,Pequeno,HOSPITAL REGIONAL DE ITAPIPOCA,-3.496565572849428,-39.59765856838256,False
2333848,HOSPITAL MATERNIDADE PROFESSOR WALDEMAR ALCANTARA,Pequeno,HOSPITAL MATERNIDADE PROFESSOR WALDEMAR ALCANTARA,-3.8321166,-38.4801848,False
2806339,HOSP MUNICIPAL NATERCIA JUNIOR RIOS,Pequeno,HOSP MUNICIPAL NATERCIA JUNIOR RIOS,-2.92015541127297,-39.91522126457491,False
2327961,HOSPITAL E MATERNIDADE ADOLFO BEZERRA DE MENEZES,Pequeno,HOSPITAL E MATERNIDADE ADOLFO BEZERRA DE MENEZES,-5.602428448211365,-38.7616476160288,False
2527677,HOSPITAL MUNICIPAL SANTA ROSA DE LIMA,Pequeno,HOSPITAL MUNICIPAL SANTA ROSA DE LIMA,-5.453241683092813,-38.46866513067788,False
2374064,HOSPITAL MUNICIPAL GOVERNADOR ADAUTO BEZERRA,Pequeno,HOSPITAL MUNICIPAL GOVERNADOR ADAUTO BEZERRA,-5.882928396218683,-38.61764924153432,False
2560976,HOSPITAL MATERNIDADE NOSSA SENHORA DA EXPECTACAO,Pequeno,HOSPITAL MATERNIDADE NOSSA SENHORA DA EXPECTACAO,-4.839481789883542,-37.78442368313681,False
2425599,HOSPITAL MUNICIPAL DE JARDIM,Pequeno,HOSPITAL MUNICIPAL DE JARDIM,-7.5993135,-39.1959729,False
2426730,HOSP MUNICIPAL DE JATI,Pequeno,HOSP MUNICIPAL DE JATI,-7.691576074060745,-39.00951886649605,False
2554623,HOSPITAL MUNICIPAL DE JIJOCA DE JERICOACOARA,Pequeno,HOSPITAL MUNICIPAL DE JIJOCA DE JERICOACOARA,-2.897683493295364,-40.45747539301941,False
2562499,HOSPITAL MATERNIDADE SAO LUCAS,Medio,HOSPITAL MATERNIDADE SAO LUCAS,-7.205665480644018,-39.31019262874244,False
2426072,HOSPITAL INFANTIL MUNICIPAL MARIA AMELIA BEZERRA,Pequeno,HOSPITAL INFANTIL MUNICIPAL MARIA AMELIA BEZERRA,-7.220167825368464,-39.317204311825456,False
5077680,HOSPITAL MUNICIPAL JOSE FACUNDO FILHO,Medio,HOSPITAL MUNICIPAL JOSE FACUNDO FILHO,-6.514021899999999,-39.51603619999999,False
2554518,HOSPITAL SAO VICENTE FERRER,Medio,HOSPITAL SAO VICENTE FERRER,-6.755822504665691,-38.95522751414177,False
2527707,HOSPITAL SAO RAIMUNDO,Medio,HOSPITAL SAO RAIMUNDO,-3.7307661,-38.50626099999999,True
2478994,HOSP MATERN MAE TOTONHA,Pequeno,HOSP MATERN MAE TOTONHA,-4.850944966932015,-39.57605705425922,False
2372150,ABEMP,Medio,ABEMP,-3.8631455122918097,-38.58663872259474,False
2806215,HOSPITAL MUNICIPAL DR JOAO ELISIO DE HOLANDA,Grande,HOSPITAL MUNICIPAL DR JOAO ELISIO DE HOLANDA,-3.878280299999999,-38.6235309,False
2372207,HOSPITAL ANA LIMA,Pequeno,HOSPITAL ANA LIMA,-3.850254296869324,-38.59617831874811,False
2554798,HOSP MUNICIPAL DR ARGEU BRAGA HERBSTER,Pequeno,HOSP MUNICIPAL DR ARGEU BRAGA HERBSTER,-3.879736294163459,-38.67685226050447,True
2560984,HOSPITAL MUNICIPAL JAIME OSTERNO,Pequeno,HOSPITAL MUNICIPAL JAIME OSTERNO,-3.1183744,-40.1498955,False
2333902,HOSP IMACULADA CONCEICAO,Pequeno,HOSP IMACULADA CONCEICAO,-3.2260797462938946,-40.69335061482676,False
2478277,HOSPITAL SENADOR OZIRES PONTES,Pequeno,HOSPITAL SENADOR OZIRES PONTES,-3.5315279,-40.3418157,False
2560828,HOSPITAL MUNICIPAL E MATERNIDADE SAO JOSE,Medio,HOSPITAL MUNICIPAL E MATERNIDADE SAO JOSE,-7.389319493733981,-38.77165820353597,False
2561069,HOSPITAL CHAGAS BARRETO,Pequeno,HOSPITAL CHAGAS BARRETO,-3.5385006,-40.4569375,False
3759148,HOSPITAL MUNICIPAL NOSSA SENHORA DOS MILAGRES,Pequeno,HOSPITAL MUNICIPAL NOSSA SENHORA DOS MILAGRES,-7.313674100000001,-38.9469152,False
2328100,HOSPITAL MUNICIPAL JOAO LEOPOLDO PINHEIRO LANDIM,Pequeno,HOSPITAL MUNICIPAL JOAO LEOPOLDO PINHEIRO LANDIM,-5.6775925,-39.1909504,False
2425432,SOPRAFA,Medio,SOPRAFA,-7.249465172366208,-39.14948769723912,False
2333880,HOSP MATERN ANT ADERALDO CASTELO,Pequeno,HOSP MATERN ANT ADERALDO CASTELO,-5.74745594232208,-39.63152567670205,False
2414864,HOSP MATERN F FARIAS LEITAO,Pequeno,HOSP MATERN F FARIAS LEITAO,-4.789272972512497,-40.06605650167611,False
3302490,HOSPITAL REGIONAL FRANCISCO GALVAO DE OLIVEIRA,Medio,HOSPITAL REGIONAL FRANCISCO GALVAO DE OLIVEIRA,-5.104074499999999,-38.3627461,False
2478374,UNID MISTA DE MORAUJO,Pequeno,UNID MISTA DE MORAUJO,-3.46676863225564,-40.67810148869348,False
2563479,HOSPITAL MUNICIPAL DE MORRINHOS,Pequeno,HOSPITAL MUNICIPAL DE MORRINHOS,-3.2269566189007146,-40.12116267632666,False
2664151,HOSPITAL MUNICIPAL SENADOR CARLOS JEREISSATI,Pequeno,HOSPITAL MUNICIPAL SENADOR CARLOS JEREISSATI,-5.308903,-38.9226043,True
2333856,HOSP MATERN WALDEMAR ALCANTARA,Pequeno,HOSP MATERN WALDEMAR ALCANTARA,-4.305569544062552,-38.99715657346765,False
2563363,HOSPITAL DE PEQUENO PORTE ANA ALENCAR ALVES,Pequeno,HOSPITAL DE PEQUENO PORTE ANA ALENCAR ALVES,-4.229036512481335,-39.1909294756449,False
2695839,HOSPITAL MUNICIPAL JOSE GONCALVES ROSA,Medio,HOSPITAL MUNICIPAL JOSE GONCALVES ROSA,-4.7146173,-40.5619107,False
2415658,HOSP MATERN DR JOSE MARIA LEITAO,Pequeno,HOSP MATERN DR JOSE MARIA LEITAO,-5.536123247706993,-40.77884426293553,False
2561441,HOSPITAL E MATERNIDADE FRANCISCO RAIMUNDO MARCOS,Pequeno,HOSPITAL E MATERNIDADE FRANCISCO RAIMUNDO MARCOS,-4.4899265,-38.5976366,False
2499037,HOSP MATERN LUZIA T DA COSTA,Pequeno,HOSP MATERN LUZIA T DA COSTA,-6.243733448653949,-38.91740353231278,False
2427176,HOSPITAL JOSE MARIA PHILOMENO GOMES,Medio,HOSPITAL JOSE MARIA PHILOMENO GOMES,-4.1718324,-38.468231,False
2373270,HOSPITAL RAIMUNDO CELIO RODRIGUES,Medio,HOSPITAL RAIMUNDO CELIO RODRIGUES,-3.9824484,-38.619293,False
2328445,HOSPITAL PADRE QUILIANO E MATERNIDADE DONA NEUSA HOLANDA,Pequeno,HOSPITAL PADRE QUILIANO E MATERNIDADE DONA NEUSA HOLANDA,-4.225734648360887,-38.91983731641233,False
2664283,UNIDADE MISTA DE SAUDE VIRGINIA RODRIGUES SIMPLICIO,Pequeno,UNIDADE MISTA DE SAUDE VIRGINIA RODRIGUES SIMPLICIO,-4.147284073575639,-38.85083244341426,False
2562391,SANTA CASA DE PARACURU,Pequeno,SANTA CASA DE PARACURU,-3.413251764447116,-39.03803798739601,False
2561891,HOSP OTACILIO BARBOSA DOS SANTOS,Pequeno,HOSP OTACILIO BARBOSA DOS SANTOS,-3.4357096169395014,-39.14854113639552,False
2561026,HOSP MUNIC DR CICERO F FILHO,Medio,HOSP MUNIC DR CICERO F FILHO,-6.2153313768892735,-40.70275894678217,False
2664690,HOSPITAL MATERNIDADE DR ARAMIS PAIVA,Pequeno,HOSPITAL MATERNIDADE DR ARAMIS PAIVA,-4.098724803011324,-39.23930623506502,False
2723255,HOSPITAL MUNICIPAL SAO SEBASTIAO E MATERNIDADE CELIA MENDES,Medio,HOSPITAL MUNICIPAL SAO SEBASTIAO E MATERNIDADE CELIA MENDES,-5.458738599999999,-39.71656369999999,False
2527065,HOSPITAL MUNICIPAL JOAO MUNIZ,Pequeno,HOSPITAL MUNICIPAL JOAO MUNIZ,-7.826668460884462,-39.08349220012412,False
2562138,HOSP MATERN REG VALE DO CURU,Medio,HOSP MATERN REG VALE DO CURU,-3.793352047131117,-39.27346932044814,False
2705923,HOSPITAL MUNICIPAL HUMBERTO DE QUEIROZ,Pequeno,HOSPITAL MUNICIPAL HUMBERTO DE QUEIROZ,-6.0453716976661545,-38.4599073930398,False
2564769,HOSPITAL E CENTRO DE PARTO NORMAL DE PINDORETAMA,Pequeno,HOSPITAL E CENTRO DE PARTO NORMAL DE PINDORETAMA,-4.0304585,-38.3036892,False
2561409,HOSPITAL MUNICIPAL PEQUENO PORTE LUIZ ROBERTO PESSOA AIRES,Pequeno,HOSPITAL MUNICIPAL PEQUENO PORTE LUIZ ROBERTO PESSOA AIRES,-5.801388408397838,-39.41529272867741,False
2427133,HOSP MUNIC FRANC ANTONIO DE PINHO,Pequeno,HOSP MUNIC FRANC ANTONIO DE PINHO,-4.744469,-40.9215284,False
2426749,HOSPITAL MUNICIPAL MANUEL TAVARES ROSENDO,Pequeno,HOSPITAL MUNICIPAL MANUEL TAVARES ROSENDO,-7.533717134265595,-39.1163760940042,False
2372495,HOSPITAL MUNICIPAL DE POTENGI,Pequeno,HOSPITAL MUNICIPAL DE POTENGI,-7.0907724,-40.0273072,False
2480050,MATERNIDADE QUITERIA DE LIMA,Pequeno,MATERNIDADE QUITERIA DE LIMA,-5.844385614267259,-40.70334067753314,False
2328402,HOSPITAL MUNICIPAL DR EUDASIO BARROSO HMEB,Pequeno,HOSPITAL MUNICIPAL DR EUDASIO BARROSO HMEB,-4.9684393,-39.0160315,True
2328399,HOSPITAL E MATERNIDADE JESUS MARIA JOSE HMJMJ,Medio,HOSPITAL E MATERNIDADE JESUS MARIA JOSE HMJMJ,-4.9669795,-39.0245184,False
2328429,HOSP MUNIC DE QUIXELO,Pequeno,HOSP MUNIC DE QUIXELO,-6.254303816543978,-39.19982494072888,False
2328372,HOSPITAL INFANTIL N S DO PERPETUO SOCORRO,Medio,HOSPITAL INFANTIL N S DO PERPETUO SOCORRO,-5.1971286331511,-39.29598169121193,False
2328380,HOSPITAL REGIONAL DR PONTES NETO,Medio,HOSPITAL REGIONAL DR PONTES NETO,-5.1954883,-39.3117054,False
2526662,HOSPITAL MUNICIPAL JOAQUIM MANOEL OLIVEIRA,Pequeno,HOSPITAL MUNICIPAL JOAQUIM MANOEL OLIVEIRA,-5.074420477760048,-37.98889649191031,False
2664666,HOSP MATERN PAULO SARASATE,Medio,HOSP MATERN PAULO SARASATE,-4.224501286840884,-38.72827271402963,False
2479419,HOSPITAL E MATERNIDADE RITA DO VALE REGO,Pequeno,HOSPITAL E MATERNIDADE RITA DO VALE REGO,-4.140736873364953,-40.57734831645635,False
2328003,HOSPITAL E CASA DE SAUDE DE RUSSAS,Medio,HOSPITAL E CASA DE SAUDE DE RUSSAS,-4.9380111,-37.9695161,True
2561018,UNID MISTA DE SABOEIRO,Pequeno,UNID MISTA DE SABOEIRO,-6.53522,-39.9024205,False
2372460,HOSPITAL DE PEQUENO PORTE SAO FRANCISCO SALITRE,Pequeno,HOSPITAL DE PEQUENO PORTE SAO FRANCISCO SALITRE,-7.279063499999999,-40.4536561,False
2499339,HOSPITAL GERAL DR JOSE ARCANJO NETO,Pequeno,HOSPITAL GERAL DR JOSE ARCANJO NETO,-3.454254093321065,-40.20261907177232,False
2563355,HOSP MATERN SENHORA SANTANA,Pequeno,HOSP MATERN SENHORA SANTANA,-7.183742290491774,-39.73852693826544,False
2478080,HOSP PUBLICO MUNICIPAL S QUITERIA,Medio,HOSP PUBLICO MUNICIPAL S QUITERIA,-4.336882699999999,-40.1512434,False
2665190,HOSPITAL MUNICIPAL DR BUENO BANHOS,Medio,HOSPITAL MUNICIPAL DR BUENO BANHOS,-4.024906226431336,-40.87007365158916,False
2427125,HOSP GERAL LUIZA ALCANTARA SILVA,Medio,HOSP GERAL LUIZA ALCANTARA SILVA,-3.607021411057896,-38.9621899261819,False
2611481,MATERNIDADE E HOSPITAL SANTA ISABEL,Medio,MATERNIDADE E HOSPITAL SANTA ISABEL,-5.593502099999999,-39.37673119999999,False
3021114,SANTA CASA DE MISERICORDIA DE SOBRAL,Grande,SANTA CASA DE MISERICORDIA DE SOBRAL,-3.6935491,-40.3589038,False
2425300,HOSPITAL DO CORACAO,Medio,HOSPITAL DO CORACAO,-3.685860309909218,-40.33685602520649,False
2426579,HOSPITAL MUNICIPAL ESTEVAM PONTE,Medio,HOSPITAL MUNICIPAL ESTEVAM PONTE,-3.683624787915495,-40.346592550942376,False
2328119,HOSPITAL MATERNIDADE MARIA SUELLY NOGUEIRA PINHEIRO,Pequeno,HOSPITAL MATERNIDADE MARIA SUELLY NOGUEIRA PINHEIRO,-5.733378692447756,-39.01051372747882,False
2527693,CASA DE SAUDE MATERNIDADE CELESTINA COLARES,Medio,CASA DE SAUDE MATERNIDADE CELESTINA COLARES,-5.250982695891236,-38.13391455864896,False
2415623,HOSPITAL MUNICIPAL RAIMUNDA TIMBO CAMELO TAMBORIL,Medio,HOSPITAL MUNICIPAL RAIMUNDA TIMBO CAMELO TAMBORIL,-4.8342899,-40.3276471,False
2564580,UNID MISTA NOSSA SRA DAS ANGUSTIAS,Pequeno,UNID MISTA NOSSA SRA DAS ANGUSTIAS,-6.685169337449407,-39.75760964394232,False
2328046,HOSPITAL DR ALBERTO FEITOSA LIMA,Medio,HOSPITAL DR ALBERTO FEITOSA LIMA,-6.0032289,-40.3004006,True
2562146,HOSPITAL MUNICIPAL ROQUE SILVA MOTA,Pequeno,HOSPITAL MUNICIPAL ROQUE SILVA MOTA,-3.675980365431492,-39.58484718363126,False
2560852,HOSPITAL MATERNIDADE MADALENA NUNES,Medio,HOSPITAL MATERNIDADE MADALENA NUNES,-3.725417482655679,-40.99131157224586,False
2479710,HOSPITAL E MATERNIDADE JOSE GRANJA RIBEIRO,Pequeno,HOSPITAL E MATERNIDADE JOSE GRANJA RIBEIRO,-3.2743437241450235,-39.26517784010534,False
2426218,HOSPITAL MUNICIPAL DR WALDEMAR DE ALCANTARA,Pequeno,HOSPITAL MUNICIPAL DR WALDEMAR DE ALCANTARA,-3.605621418159056,-39.43601982856045,False
2561328,HOSPITAL MUNICIPAL FRANCISCA BELARMINO DA COSTA,Pequeno,HOSPITAL MUNICIPAL FRANCISCA BELARMINO DA COSTA,-3.869739042658184,-40.91731355088515,False
2499045,HOSPITAL DE PEQUENO PORTE DE UMARI ECILDA BARBOSA RIBEIRO,Pequeno,HOSPITAL DE PEQUENO PORTE DE UMARI ECILDA BARBOSA RIBEIRO,-6.649204084177439,-38.696708356786885,False
2562162,HOSPITAL MUNICIPAL CARLOS GUALBERTO DE SALES,Pequeno,HOSPITAL MUNICIPAL CARLOS GUALBERTO DE SALES,-3.822162025944679,-38.48175342342957,False
2560836,HOSP MUNIC ANTONIO NERY FILHO,Pequeno,HOSP MUNIC ANTONIO NERY FILHO,-3.625982250778792,-39.50708121988825,False
2478307,HOSPITAL MUNICIPAL DE URUOCA RANDEGLACIO GOMES CARNEIRO,Pequeno,HOSPITAL MUNICIPAL DE URUOCA RANDEGLACIO GOMES CARNEIRO,-3.313844213272368,-40.55997997625697,False
2479893,UNIDADE OBSTETRICA DE VARJOTA,Pequeno,UNIDADE OBSTETRICA DE VARJOTA,-4.1958609,-40.4733312,False
2562871,HOSPITAL SAO RAIMUNDO,Medio,HOSPITAL SAO RAIMUNDO,-3.7307661,-38.50626099999999,True
2561425,HOSP MATERN MUNICIPAL,Medio,HOSP MATERN MUNICIPAL,-3.5678962740399074,-41.09476533918524,False
2562200,HOSPITAL MUNICIPAL ANTONIO RIBEIRO DA SILVA,Pequeno,HOSPITAL MUNICIPAL ANTONIO RIBEIRO DA SILVA,-3.6739602433488674,-39.23831275959955,False
3528618,HOSPITAL UNIMED SUL,Pequeno,HOSPITAL UNIMED SUL,-3.77049640072602,-38.49039843994984,False
9658815,ICO,Pequeno,ICO,-3.7326228314424967,-38.51199117295611,False
2415631,HOSPITAL ANTONIO PRUDENTE,Pequeno,HOSPITAL ANTONIO PRUDENTE,-3.753281263485921,-38.52287600181612,False
3055426,HOSPITAL MONTE KLINIKUM,Pequeno,HOSPITAL MONTE KLINIKUM,-3.732356682806237,-38.49313115542203,False
6273181,AMO ATENCAO MEDICA OFTALMOLOGICA,Pequeno,,-4.33166942724164,-38.87774778439378,False
2516667,HOSPITAL DISTRITAL EDMILSON BARROS DE OLIVEIRA MESSEJANA,Medio,HOSPITAL DISTRITAL EDMILSON BARROS DE OLIVEIRA MESSEJANA,-3.8295115322667206,-38.50910542832583,False
2561484,HOSPITAL DE OLHOS NEUSA ROCHA,Pequeno,HOSPITAL DE OLHOS NEUSA ROCHA,-3.7334785514166673,-38.54968334163283,False
3232891,CENTRO AVANCADO DE RETINA E CATARATA,Pequeno,CENTRO AVANCADO DE RETINA E CATARATA,-3.735534518198967,-38.48977398347733,False
5907616,HOSPITAL DE OLHOS MONTE CLARO,Pequeno,,-3.750495710460772,-38.51402298986552,False
4527372,HOSPITAL DE TRAUMATOLOGIA E ORTOPEDIA DE ACARAU,Medio,,-2.885820264715285,-40.09997708815115,False
3283437,ICCA INSTITUTO DO CORACAO DA CRIANCA E DO ADOLESCENTE,Pequeno,ICCA INSTITUTO DO CORACAO DA CRIANCA E DO ADOLESCENTE,-3.788754087453895,-38.48209852333342,False
