HOSPITAL,INTERNACOES,CNES,PORTE,THRESHOLD,SOBRECARREGADO
HM HOSPITAL DE MESSEJANA DR CARLOS ALBERTO STUDART GOMES,683,2479214,Grande,234.11877694421602,True
HGCC HOSPITAL GERAL DR CESAR CALS,56,2499363,Grande,234.11877694421602,False
HGF HOSPITAL GERAL DE FORTALEZA,37,2497654,Especial,,False
HOSPITAL GERAL DR WALDEMAR ALCANTARA,27,2785900,Grande,234.11877694421602,False
HOSPITAL REGIONAL DO CARIRI,17,6779522,Grande,234.11877694421602,False
HOSPITAL MUNICIPAL DE ACOPIARA PADRE CRISARES SAMPAIO COUTO,6,9275134,Medio,14.342529949988894,False
HOSPITAL MUNICIPAL SENADOR CARLOS JEREISSATI,4,2611201,Pequeno,3.6847943704472943,True
HOSPITAL MUNICIPAL SENADOR CARLOS JEREISSATI,4,2664151,Pequeno,3.6847943704472943,True
HOSPITAL MATERNIDADE SAO VICENTE DE PAULO HMSVP,48,2564211,Grande,234.11877694421602,False
HOSPITAL DO CORACAO DO CARIRI,3,4010868,Medio,14.342529949988894,False
HOSPITAL MUNICIPAL MONSENHOR DOURADO,3,2372819,Medio,14.342529949988894,False
HOSPITAL E MATERNIDADE REGIONAL SAO FRANCISCO,11,2527413,Medio,14.342529949988894,False
HOSP MUN ABELARDO GADELHA DA ROCHA,1,2562316,Medio,14.342529949988894,False
HOSPITAL SAO LUCAS,7,2585,Desconhecido,7.294694475021291,False
HOSPITAL SAO LUCAS,7,11819,Desconhecido,7.294694475021291,False
HOSPITAL SAO LUCAS,7,13838,Desconhecido,7.294694475021291,False
HOSPITAL SAO LUCAS,7,15962,Desconhecido,7.294694475021291,False
HOSPITAL SAO LUCAS,7,2078023,Desconhecido,7.294694475021291,False
HOSPITAL SAO LUCAS,7,2118858,Desconhecido,7.294694475021291,False
HOSPITAL SAO LUCAS,7,2196972,Desconhecido,7.294694475021291,False
HOSPITAL SAO LUCAS,7,2211246,Desconhecido,7.294694475021291,False
HOSPITAL SAO LUCAS,7,2221543,Desconhecido,7.294694475021291,False
HOSPITAL SAO LUCAS,7,2272695,Desconhecido,7.294694475021291,False
HOSPITAL SAO LUCAS,7,2273101,Desconhecido,7.294694475021291,False
HOSPITAL SAO LUCAS,7,2328968,Desconhecido,7.294694475021291,False
HOSPITAL SAO LUCAS,7,2338181,Desconhecido,7.294694475021291,False
HOSPITAL SAO LUCAS,7,2375761,Desconhecido,7.294694475021291,False
HOSPITAL SAO LUCAS,7,2376318,Desconhecido,7.294694475021291,False
HOSPITAL SAO LUCAS,7,2376768,Desconhecido,7.294694475021291,False
HOSPITAL SAO LUCAS,7,2391570,Desconhecido,7.294694475021291,False
HOSPITAL SAO LUCAS,7,2429586,Desconhecido,7.294694475021291,False
HOSPITAL SAO LUCAS,7,2451158,Desconhecido,7.294694475021291,False
HOSPITAL SAO LUCAS,7,2470349,Desconhecido,7.294694475021291,False
HOSPITAL SAO LUCAS,7,2481073,Grande,234.11877694421602,False
HOSPITAL SAO LUCAS,7,2560070,Desconhecido,7.294694475021291,False
HOSPITAL SAO LUCAS,7,2571072,Desconhecido,7.294694475021291,False
HOSPITAL SAO LUCAS,7,2601583,Desconhecido,7.294694475021291,False
HOSPITAL SAO LUCAS,7,2666138,Desconhecido,7.294694475021291,False
HOSPITAL SAO LUCAS,7,2675951,Desconhecido,7.294694475021291,False
HOSPITAL SAO LUCAS,7,2802120,Desconhecido,7.294694475021291,False
HOSPITAL SAO LUCAS,7,3034704,Desconhecido,7.294694475021291,False
HOSPITAL SAO LUCAS,7,4051181,Desconhecido,7.294694475021291,False
HOSPITAL SAO LUCAS,7,6211402,Desconhecido,7.294694475021291,False
HOSPITAL SAO LUCAS,7,9436855,Desconhecido,7.294694475021291,False
HOSPITAL HAROLDO JUACABA,49,2723220,Medio,14.342529949988894,True
HOSPITAL UNIVERSITARIO WALTER CANTIDIO,24,2561492,Grande,234.11877694421602,False
HOSPITAL MUNICIPAL DR JOSE EVANGELISTA DE OLIVEIRA,3,5018110,Medio,14.342529949988894,False
HOSPITAL MUNICIPAL DR JOAO ELISIO DE HOLANDA,17,2806215,Grande,234.11877694421602,False
HOSPITAL MUNICIPAL E MATERNIDADE SAO JOSE,12,2560828,Medio,14.342529949988894,False
HOSPITAL REGIONAL FRANCISCO GALVAO DE OLIVEIRA,8,3302490,Medio,14.342529949988894,False
HOSP MATERN REG VALE DO CURU,4,2562138,Medio,14.342529949988894,False
HOSPITAL REGIONAL DR PONTES NETO,8,2328380,Medio,14.342529949988894,False
HOSPITAL E CASA DE SAUDE DE RUSSAS,22,2328003,Medio,14.342529949988894,True
HOSPITAL DR ALBERTO FEITOSA LIMA,16,2328046,Medio,14.342529949988894,True
HOSPITAL SAO RAIMUNDO,15,2415496,Medio,14.342529949988894,True
HOSPITAL SAO RAIMUNDO,15,2527707,Medio,14.342529949988894,True
HOSPITAL SAO RAIMUNDO,15,2562871,Medio,14.342529949988894,True
HOSPITAL SAO JOSE DE DOENCAS INFECCIOSAS,1,2561417,Medio,14.342529949988894,False
HOSPITAL MUNICIPAL DR EDUARDO DIAS,4,2372967,Medio,14.342529949988894,False
HOSPITAL DEPUTADO MURILO AGUIAR,1,2327945,Medio,14.342529949988894,False
HOSPITAL DISTRITAL NOSSA SENHORA DA CONCEICAO,1,2482339,Medio,14.342529949988894,False
HOSPITAL DISTRITAL DR FERNANDES TAVORA,7,2528843,Grande,234.11877694421602,False
HOSPITAL MUNICIPAL MARIA WANDERLENE NEGREIROS DE QUEIROZ,2,2561336,Medio,14.342529949988894,False
HOSPITAL REGIONAL DE IGUATU,3,2675560,Grande,234.11877694421602,False
HOSPITAL E MATERNIDADE MARIA ROQUE DE MACEDO,2,2372622,Pequeno,3.6847943704472943,False
HOSPITAL MUNICIPAL JOSE GONCALVES ROSA,5,2695839,Medio,14.342529949988894,False
HOSPITAL GERAL DR JOSE ARCANJO NETO,1,2499339,Pequeno,3.6847943704472943,False
MATERNIDADE E HOSPITAL SANTA ISABEL,8,2611481,Medio,14.342529949988894,False
SANTA CASA DE MISERICORDIA DE SOBRAL,21,3021114,Grande,234.11877694421602,False
HOSPITAL MATERNIDADE MADALENA NUNES,4,2560852,Medio,14.342529949988894,False
HOSPITAL MUNICIPAL CARLOS GUALBERTO DE SALES,1,2562162,Pequeno,3.6847943704472943,False
HOSPITAL MUNICIPAL DE GRANJEIRO,1,3384993,Pequeno,3.6847943704472943,False
HOSPITAL REGIONAL DE ICO DEPUTADO ORIEL GUIMARAES NUNES,6,2611309,Medio,14.342529949988894,False
HOSP MATERN OTACILIO MOTA,2,2414872,Pequeno,3.6847943704472943,False
HOSPITAL E MATERNIDADE ADOLFO BEZERRA DE MENEZES,1,2327961,Pequeno,3.6847943704472943,False
HOSPITAL MUNICIPAL JOSE FACUNDO FILHO,1,5077680,Medio,14.342529949988894,False
HOSPITAL MUNICIPAL NOSSA SENHORA DOS MILAGRES,1,3759148,Pequeno,3.6847943704472943,False
HOSPITAL MUNICIPAL RAIMUNDA TIMBO CAMELO TAMBORIL,3,2415623,Medio,14.342529949988894,False
HOSP DR MOURA FERREIRA,7,2516632,Medio,14.342529949988894,False
SOCIEDADE HOSPITALAR PE DIONISIO,6,2333813,Pequeno,3.6847943704472943,True
CASA DE SAUDE ADILIA MARIA,4,2479028,Medio,14.342529949988894,False
HOSPITAL MUNICIPAL DE CAMPOS SALES,1,2372517,Pequeno,3.6847943704472943,False
HOSPITAL E MATERNIDADE SAO FRANCISCO DE ASSIS,5,2415488,Medio,14.342529949988894,False
HOSPITAL E MATERNIDADE SAO FRANCISCO DE ASSIS,5,2796341,Desconhecido,7.294694475021291,False
HOSP MUNIC DONA MARIA MUNIZ,3,2563460,Medio,14.342529949988894,False
HOSPITAL GERAL IGNEZ ANDREAZZA,1,2514729,Medio,14.342529949988894,False
HOSPITAL JOSE MARIA PHILOMENO GOMES,2,2427176,Medio,14.342529949988894,False
HOSPITAL MUNICIPAL JOAQUIM MANOEL OLIVEIRA,3,2526662,Pequeno,3.6847943704472943,False
HOSP PUBLICO MUNICIPAL S QUITERIA,3,2478080,Medio,14.342529949988894,False
HOSP GERAL LUIZA ALCANTARA SILVA,5,2427125,Medio,14.342529949988894,False
HOSPITAL ESTADUAL LEONARDO DA VINCI,1,86673,Grande,234.11877694421602,False
HOSPITAL MATERNIDADE SANTA RITA,1,2527685,Pequeno,3.6847943704472943,False
HOSPITAL MUNICIPAL DE CARIRE,1,7043597,Pequeno,3.6847943704472943,False
HOSPITAL E MATERNIDADE ESTER CAVALCANTE ASSUNCAO,1,2724308,Pequeno,3.6847943704472943,False
HOSPITAL PADRE QUILIANO E MATERNIDADE DONA NEUSA HOLANDA,1,2328445,Pequeno,3.6847943704472943,False
HOSPITAL MUNICIPAL DO FORTIM DR WALDEMAR ALCANTARA,2,2372568,Pequeno,3.6847943704472943,False
HOSP MATERN DR JOSE MARIA LEITAO,2,2415658,Pequeno,3.6847943704472943,False
HOSP MATERN LUZIA T DA COSTA,2,2499037,Pequeno,3.6847943704472943,False
HOSPITAL MUNICIPAL DR EUDASIO BARROSO HMEB,4,2328402,Pequeno,3.6847943704472943,True
HOSP MATERN PAULO SARASATE,2,2664666,Medio,14.342529949988894,False
HOSP MATERN MAE TOTONHA,1,2478994,Pequeno,3.6847943704472943,False
HOSP MUNICIPAL DR ARGEU BRAGA HERBSTER,9,2554798,Pequeno,3.6847943704472943,True
HOSP MATERN ANT ADERALDO CASTELO,2,2333880,Pequeno,3.6847943704472943,False
HOSPITAL REGIONAL DO SERTAO CENTRAL,5,7061021,Grande,234.11877694421602,False
HOSPITAL MUNICIPAL MONSENHOR ANTONINO,1,2561352,Pequeno,3.6847943704472943,False
HOSPITAL DISTRITAL MARIA JOSE BARROSO DE OLIVEIRA PARANGABA,2,2516640,Medio,14.342529949988894,False
HOSPITAL DISTRITAL GONZAGA MOTA BARRA DO CEARA,2,2651351,Medio,14.342529949988894,False
HOSPITAL REGIONAL NORTE,2,6848710,Grande,234.11877694421602,False
HOSPITAL REGIONAL VALE DO JAGUARIBE,6,9672427,Medio,14.342529949988894,False
HOSP MATERN MENINO JESUS DE PRAGA,2,2479818,Pequeno,3.6847943704472943,False
HOSPITAL MUNICIPAL SANTA ROSA DE LIMA,1,2527677,Pequeno,3.6847943704472943,False
HOSPITAL E MATERNIDADE FRANCISCO RAIMUNDO MARCOS,1,2561441,Pequeno,3.6847943704472943,False
CASA DE SAUDE MATERNIDADE CELESTINA COLARES,1,2527693,Medio,14.342529949988894,False
HOSPITAL MUNICIPAL DOUTOR AMADEU SA,1,2611295,Medio,14.342529949988894,False
HOSPITAL MUNICIPAL DRA FRANCY FROTA,1,2554658,Pequeno,3.6847943704472943,False
HOSPITAL MUNICIPAL SAO SEBASTIAO E MATERNIDADE CELIA MENDES,2,2723255,Medio,14.342529949988894,False
HOSPITAL MUNICIPAL HUMBERTO DE QUEIROZ,1,2705923,Pequeno,3.6847943704472943,False
HOSPITAL MATERNIDADE MARIA SUELLY NOGUEIRA PINHEIRO,2,2328119,Pequeno,3.6847943704472943,False
HOSPITAL E MATERNIDADE JOSE GRANJA RIBEIRO,1,2479710,Pequeno,3.6847943704472943,False
HOSP MUNIC ANTONIO NERY FILHO,1,2560836,Pequeno,3.6847943704472943,False
IMTAVI,1,2480646,Medio,14.342529949988894,False
HOSPITAL MUNICIPAL JAIME OSTERNO,2,2560984,Pequeno,3.6847943704472943,False
H J M A HOSPITAL JOSE MARTINIANO DE ALENCAR,1,2479907,Medio,14.342529949988894,False
HIAS HOSPITAL INFANTIL ALBERT SABIN,2,2563681,Grande,234.11877694421602,False
HOSP MATERN SANTA IZABEL ARACOIABA,1,4010779,Medio,14.342529949988894,False
HOSPITAL MATERNIDADE NOSSA SENHORA DA EXPECTACAO,1,2560976,Pequeno,3.6847943704472943,False
