TIPO_PROC,MUNIC_RES,MUNICIPIO,TOTAL_INTERNACOES,INTERNACOES_PARA_SOBRECARREGADO,PERC_PARA_SOBRECARREGADO,QTD_HOSPITAIS_DESTINO,CNES_CANDIDATO,HOSPITAL_CANDIDATO,PORTE_CANDIDATO,LAT_HOSPITAL_CANDIDATO,LON_HOSPITAL_CANDIDATO,DISTANCIA_KM
Intercorrencia,230440,"FORTALEZA, CE",511,412,0.8062622309197651,13,2529149,IJF INSTITUTO DR JOSE FROTA CENTRAL,Especial,-3.7342646700838658,-38.531428645384175,0.5191363965634715
Intercorrencia,230440,"FORTALEZA, CE",511,412,0.8062622309197651,13,2499363,HGCC HOSPITAL GERAL DR CESAR CALS,Grande,-3.726173,-38.5335661,1.0289187462939464
Intercorrencia,230440,"FORTALEZA, CE",511,412,0.8062622309197651,13,2651394,SANTA CASA DE MISERICORDIA DE FORTALEZA,Grande,-3.7222056,-38.527551,1.1707020348669908
Intercorrencia,230370,"CAUCAIA, CE",44,36,0.8181818181818182,7,2562316,HOSP MUN ABELARDO GADELHA DA ROCHA,Medio,-3.7391831,-38.6499459,1.80895922151624
Intercorrencia,230370,"CAUCAIA, CE",44,36,0.8181818181818182,7,2562545,HOSP MATERNIDADE SANTA TEREZINHA,Medio,-3.77188570755924,-38.62652155369603,6.251785129580701
Intercorrencia,230370,"CAUCAIA, CE",44,36,0.8181818181818182,7,2482339,HOSPITAL DISTRITAL NOSSA SENHORA DA CONCEICAO,Medio,-3.770490438240333,-38.61619168930962,6.922238960909008
Intercorrencia,230765,"MARACANAU, CE",46,29,0.6304347826086957,5,2806215,HOSPITAL MUNICIPAL DR JOAO ELISIO DE HOLANDA,Grande,-3.878280299999999,-38.6235309,1.1579863344254673
Intercorrencia,230765,"MARACANAU, CE",46,29,0.6304347826086957,5,2372207,HOSPITAL ANA LIMA,Pequeno,-3.850254296869324,-38.59617831874811,3.911938450894299
Intercorrencia,230765,"MARACANAU, CE",46,29,0.6304347826086957,5,2372150,ABEMP,Medio,-3.8631455122918097,-38.58663872259474,4.454290182359145
Intercorrencia,231180,"RUSSAS, CE",29,27,0.9310344827586208,5,2526662,HOSPITAL MUNICIPAL JOAQUIM MANOEL OLIVEIRA,Pequeno,-5.074420477760048,-37.98889649191031,14.855184509607122
Intercorrencia,231180,"RUSSAS, CE",29,27,0.9310344827586208,5,2560976,HOSPITAL MATERNIDADE NOSSA SENHORA DA EXPECTACAO,Pequeno,-4.839481789883542,-37.78442368313681,24.087402680498613
Intercorrencia,231180,"RUSSAS, CE",29,27,0.9310344827586208,5,9672427,HOSPITAL REGIONAL VALE DO JAGUARIBE,Medio,-5.119815697481895,-38.148281510879,27.505546177814036
Intercorrencia,230428,"EUSEBIO, CE",21,19,0.9047619047619048,3,2611295,HOSPITAL MUNICIPAL DOUTOR AMADEU SA,Medio,-3.8706513504807054,-38.46924684707703,2.6046330506397366
Intercorrencia,230428,"EUSEBIO, CE",21,19,0.9047619047619048,3,2333848,HOSPITAL MATERNIDADE PROFESSOR WALDEMAR ALCANTARA,Pequeno,-3.8321166,-38.4801848,6.930482449675582
Intercorrencia,230428,"EUSEBIO, CE",21,19,0.9047619047619048,3,2785900,HOSPITAL GERAL DR WALDEMAR ALCANTARA,Grande,-3.8321166,-38.4801848,6.930482449675582
Intercorrencia,230770,"MARANGUAPE, CE",17,16,0.9411764705882352,3,2806215,HOSPITAL MUNICIPAL DR JOAO ELISIO DE HOLANDA,Grande,-3.878280299999999,-38.6235309,6.891088864263658
Intercorrencia,230770,"MARANGUAPE, CE",17,16,0.9411764705882352,3,2372207,HOSPITAL ANA LIMA,Pequeno,-3.850254296869324,-38.59617831874811,10.795679804315066
Intercorrencia,230770,"MARANGUAPE, CE",17,16,0.9411764705882352,3,2372150,ABEMP,Medio,-3.8631455122918097,-38.58663872259474,11.276804849611336
Intercorrencia,231330,"TAUA, CE",17,15,0.8823529411764706,5,2328038,HOSPITAL MUNICIPAL DE ARNEIROZ,Pequeno,-6.317314357252552,-40.16482268844805,37.75426010010851
Intercorrencia,231330,"TAUA, CE",17,15,0.8823529411764706,5,2480050,MATERNIDADE QUITERIA DE LIMA,Pequeno,-5.844385614267259,-40.70334067753314,48.532733797096434
Intercorrencia,231330,"TAUA, CE",17,15,0.8823529411764706,5,2333864,HOSPITAL MUNICIPAL DR GENTIL DOMINGUES,Pequeno,-6.13250850508639,-39.87490112838592,48.585151314899775
Intercorrencia,230640,"ITAPIPOCA, CE",18,13,0.7222222222222222,2,153087,HOSPITAL REGIONAL DE ITAPIPOCA,Pequeno,-3.496565572849428,-39.59765856838256,1.9280722577609062
Intercorrencia,230640,"ITAPIPOCA, CE",18,13,0.7222222222222222,2,2560836,HOSP MUNIC ANTONIO NERY FILHO,Pequeno,-3.625982250778792,-39.50708121988825,16.71051857221691
Intercorrencia,230640,"ITAPIPOCA, CE",18,13,0.7222222222222222,2,2562146,HOSPITAL MUNICIPAL ROQUE SILVA MOTA,Pequeno,-3.675980365431492,-39.58484718363126,20.162079515320375
Intercorrencia,230350,"CASCAVEL, CE",13,12,0.9230769230769232,2,2514710,HOSPITAL E MATERNIDADE NOSSA SENHORA DAS GRACAS,Medio,-4.130368096161592,-38.23726026666231,1.089183816543453
Intercorrencia,230350,"CASCAVEL, CE",13,12,0.9230769230769232,2,2564769,HOSPITAL E CENTRO DE PARTO NORMAL DE PINDORETAMA,Pequeno,-4.0304585,-38.3036892,12.839110619570246
Intercorrencia,230350,"CASCAVEL, CE",13,12,0.9230769230769232,2,2372819,HOSPITAL MUNICIPAL MONSENHOR DOURADO,Medio,-4.181112008182183,-38.13127361007147,13.989811408799861
Intercorrencia,230625,"ITAITINGA, CE",13,11,0.8461538461538461,3,2724308,HOSPITAL E MATERNIDADE ESTER CAVALCANTE ASSUNCAO,Pequeno,-3.972865399999999,-38.5211706,0.9432986336928395
Intercorrencia,230625,"ITAITINGA, CE",13,11,0.8461538461538461,3,2373270,HOSPITAL RAIMUNDO CELIO RODRIGUES,Medio,-3.9824484,-38.619293,10.020303866159534
Intercorrencia,230625,"ITAITINGA, CE",13,11,0.8461538461538461,3,2611295,HOSPITAL MUNICIPAL DOUTOR AMADEU SA,Medio,-3.8706513504807054,-38.46924684707703,13.08403681226513
Intercorrencia,231400,"VARZEA ALEGRE, CE",12,10,0.8333333333333334,2,3384993,HOSPITAL MUNICIPAL DE GRANJEIRO,Pequeno,-6.889104799999999,-39.2255098,13.244766501687463
Intercorrencia,231400,"VARZEA ALEGRE, CE",12,10,0.8333333333333334,2,2425343,HOSP MATERN GERALDO L BOTELHO,Pequeno,-7.039834011970959,-39.27653970233924,27.400660553346146
Intercorrencia,231400,"VARZEA ALEGRE, CE",12,10,0.8333333333333334,2,2499029,HOSPITAL E MATERNIDADE ZULMIRA SEDRIN AGUIAR,Medio,-6.6072928,-39.0651707,33.09056753224849
Intercorrencia,230630,"ITAPAGE, CE",9,8,0.8888888888888888,2,2562154,HOSP MATERN JOAO FERREIRA GOMES,Pequeno,-3.6817330937815633,-39.58909234126292,0.4274410233077721
Intercorrencia,230630,"ITAPAGE, CE",9,8,0.8888888888888888,2,2562146,HOSPITAL MUNICIPAL ROQUE SILVA MOTA,Pequeno,-3.675980365431492,-39.58484718363126,0.9574252956315653
Intercorrencia,230630,"ITAPAGE, CE",9,8,0.8888888888888888,2,2560836,HOSP MUNIC ANTONIO NERY FILHO,Pequeno,-3.625982250778792,-39.50708121988825,10.940479953688433
Intercorrencia,230195,"BARREIRA, CE",8,8,1.0,1,2373475,HOSPITAL DE BARREIRA,Pequeno,-4.279981753263235,-38.63631880308223,1.0790650441612981
Intercorrencia,230195,"BARREIRA, CE",8,8,1.0,1,2664666,HOSP MATERN PAULO SARASATE,Medio,-4.224501286840884,-38.72827271402963,11.979238061656849
Intercorrencia,230195,"BARREIRA, CE",8,8,1.0,1,2554755,HOSPITAL MUNICIPAL DE CHOROZINHO,Pequeno,-4.300184799999999,-38.49822200000001,15.914547408627813
Intercorrencia,231290,"SOBRAL, CE",20,7,0.35,3,3021114,SANTA CASA DE MISERICORDIA DE SOBRAL,Grande,-3.6935491,-40.3589038,1.0606934861613004
Intercorrencia,231290,"SOBRAL, CE",20,7,0.35,3,2426579,HOSPITAL MUNICIPAL ESTEVAM PONTE,Medio,-3.683624787915495,-40.346592550942376,1.06734417759398
Intercorrencia,231290,"SOBRAL, CE",20,7,0.35,3,6848710,HOSPITAL REGIONAL NORTE,Grande,-3.67692037010037,-40.36864234828256,1.6141089362521137
Intercorrencia,230960,"PACAJUS, CE",13,7,0.5384615384615384,3,2427176,HOSPITAL JOSE MARIA PHILOMENO GOMES,Medio,-4.1718324,-38.468231,0.5208707287435445
Intercorrencia,230960,"PACAJUS, CE",13,7,0.5384615384615384,3,2561433,HOSPITAL E MAT VENANCIO RAIM DE SOUSA,Pequeno,-4.09782161048785,-38.48728330729509,8.789788697178157
Intercorrencia,230960,"PACAJUS, CE",13,7,0.5384615384615384,3,2554755,HOSPITAL MUNICIPAL DE CHOROZINHO,Pequeno,-4.300184799999999,-38.49822200000001,14.615548859799754
Intercorrencia,231130,"QUIXADA, CE",10,7,0.7,4,2328399,HOSPITAL E MATERNIDADE JESUS MARIA JOSE HMJMJ,Medio,-4.9669795,-39.0245184,0.9437468049040196
Intercorrencia,231130,"QUIXADA, CE",10,7,0.7,4,2328070,HOSPITAL MATERNIDADE PE JOSE BEZERRA FILHO,Pequeno,-4.855342347186748,-39.133840235433446,18.11686179951042
Intercorrencia,231130,"QUIXADA, CE",10,7,0.7,4,2664372,HOSPITAL MUNICIPAL ANTONIO CAVALCANTE DE QUEIROZ,Pequeno,-4.820369682908894,-38.82676823646113,26.668165813714484
Intercorrencia,231050,"PEDRA BRANCA, CE",9,7,0.7777777777777778,2,2723255,HOSPITAL MUNICIPAL SAO SEBASTIAO E MATERNIDADE CELIA MENDES,Medio,-5.458738599999999,-39.71656369999999,0.5041211401348925
Intercorrencia,231050,"PEDRA BRANCA, CE",9,7,0.7777777777777778,2,2333880,HOSP MATERN ANT ADERALDO CASTELO,Pequeno,-5.74745594232208,-39.63152567670205,33.93272466953569
Intercorrencia,231050,"PEDRA BRANCA, CE",9,7,0.7777777777777778,2,2479028,CASA DE SAUDE ADILIA MARIA,Medio,-5.125235399999999,-39.729597,36.60943107669526
Intercorrencia,231350,"TRAIRI, CE",9,7,0.7777777777777778,3,2479710,HOSPITAL E MATERNIDADE JOSE GRANJA RIBEIRO,Pequeno,-3.2743437241450235,-39.26517784010534,0.5560564948589359
Intercorrencia,231350,"TRAIRI, CE",9,7,0.7777777777777778,3,2561891,HOSP OTACILIO BARBOSA DOS SANTOS,Pequeno,-3.4357096169395014,-39.14854113639552,22.002843011947853
Intercorrencia,231350,"TRAIRI, CE",9,7,0.7777777777777778,3,2562391,SANTA CASA DE PARACURU,Pequeno,-3.413251764447116,-39.03803798739601,29.662125784614894
Intercorrencia,230100,"AQUIRAZ, CE",7,7,1.0,1,2561395,HOSP GERAL MANUEL ASSUNCAO PIRES,Pequeno,-3.9049958,-38.3841268,0.39807293496522705
Intercorrencia,230100,"AQUIRAZ, CE",7,7,1.0,1,2611295,HOSPITAL MUNICIPAL DOUTOR AMADEU SA,Medio,-3.8706513504807054,-38.46924684707703,9.899431662621165
Intercorrencia,230100,"AQUIRAZ, CE",7,7,1.0,1,2333848,HOSPITAL MATERNIDADE PROFESSOR WALDEMAR ALCANTARA,Pequeno,-3.8321166,-38.4801848,13.1836812117101
Intercorrencia,231140,"QUIXERAMOBIM, CE",16,6,0.375,4,2328372,HOSPITAL INFANTIL N S DO PERPETUO SOCORRO,Medio,-5.1971286331511,-39.29598169121193,0.13908210214405595
Intercorrencia,231140,"QUIXERAMOBIM, CE",16,6,0.375,4,2328380,HOSPITAL REGIONAL DR PONTES NETO,Medio,-5.1954883,-39.3117054,1.8181058001555508
Intercorrencia,231140,"QUIXERAMOBIM, CE",16,6,0.375,4,7061021,HOSPITAL REGIONAL DO SERTAO CENTRAL,Grande,-5.1832747,-39.2616355,4.108437726677452
Intercorrencia,230140,"ARATUBA, CE",6,6,1.0,1,2333856,HOSP MATERN WALDEMAR ALCANTARA,Pequeno,-4.305569544062552,-38.99715657346765,13.793133266135959
Intercorrencia,230140,"ARATUBA, CE",6,6,1.0,1,2561034,HOSPITAL E MATERNIDADE NOSSA SENHORA DE NAZARE,Pequeno,-4.465712992413828,-38.9038763017703,16.614974323461084
Intercorrencia,230140,"ARATUBA, CE",6,6,1.0,1,2333716,HOSPITAL E MATERNIDADE JOSE PINTO DO CARMO,Medio,-4.3278553,-38.8824123,20.84127535949763
Intercorrencia,230870,"MORADA NOVA, CE",14,5,0.3571428571428571,5,3302490,HOSPITAL REGIONAL FRANCISCO GALVAO DE OLIVEIRA,Medio,-5.104074499999999,-38.3627461,1.133336921166292
Intercorrencia,230870,"MORADA NOVA, CE",14,5,0.3571428571428571,5,9672427,HOSPITAL REGIONAL VALE DO JAGUARIBE,Medio,-5.119815697481895,-38.148281510879,24.810099829154346
Intercorrencia,230870,"MORADA NOVA, CE",14,5,0.3571428571428571,5,2527693,CASA DE SAUDE MATERNIDADE CELESTINA COLARES,Medio,-5.250982695891236,-38.13391455864896,30.76483898012804
Intercorrencia,230550,"IGUATU, CE",10,5,0.5,3,2675560,HOSPITAL REGIONAL DE IGUATU,Grande,-6.3587958,-39.29805899999999,0.0
Intercorrencia,230550,"IGUATU, CE",10,5,0.5,3,2675536,HOSPITAL MATERNIDADE AGENOR ARAUJO,Medio,-6.358432393912175,-39.29344113955305,0.5119211461946455
Intercorrencia,230550,"IGUATU, CE",10,5,0.5,3,5292190,HOSPITAL SAO VICENTE IESA,Medio,-6.363394402058099,-39.29676477248615,0.5309671764617575
Intercorrencia,230540,"ICO, CE",9,5,0.5555555555555556,2,2611309,HOSPITAL REGIONAL DE ICO DEPUTADO ORIEL GUIMARAES NUNES,Medio,-6.4005677,-38.8571841,0.0
Intercorrencia,230540,"ICO, CE",9,5,0.5555555555555556,2,2499037,HOSP MATERN LUZIA T DA COSTA,Pequeno,-6.243733448653949,-38.91740353231278,18.665977486112485
Intercorrencia,230540,"ICO, CE",9,5,0.5555555555555556,2,2499029,HOSPITAL E MATERNIDADE ZULMIRA SEDRIN AGUIAR,Medio,-6.6072928,-39.0651707,32.502149806658174
Intercorrencia,230760,"LIMOEIRO DO NORTE, CE",9,5,0.5555555555555556,5,9672427,HOSPITAL REGIONAL VALE DO JAGUARIBE,Medio,-5.119815697481895,-38.148281510879,6.470939392396677
Intercorrencia,230760,"LIMOEIRO DO NORTE, CE",9,5,0.5555555555555556,5,2527693,CASA DE SAUDE MATERNIDADE CELESTINA COLARES,Medio,-5.250982695891236,-38.13391455864896,12.311474379453141
Intercorrencia,230760,"LIMOEIRO DO NORTE, CE",9,5,0.5555555555555556,5,2526662,HOSPITAL MUNICIPAL JOAQUIM MANOEL OLIVEIRA,Pequeno,-5.074420477760048,-37.98889649191031,14.373942964410796
Intercorrencia,230120,"ARACOIABA, CE",8,5,0.625,4,4010779,HOSP MATERN SANTA IZABEL ARACOIABA,Medio,-4.371982,-38.8104556,0.0
Intercorrencia,230120,"ARACOIABA, CE",8,5,0.625,4,6273181,AMO ATENCAO MEDICA OFTALMOLOGICA,Pequeno,-4.33166942724164,-38.87774778439378,8.703990813267337
Intercorrencia,230120,"ARACOIABA, CE",8,5,0.625,4,2333716,HOSPITAL E MATERNIDADE JOSE PINTO DO CARMO,Medio,-4.3278553,-38.8824123,9.366247209830114
Intercorrencia,230523,"HORIZONTE, CE",7,5,0.7142857142857143,4,2561433,HOSPITAL E MAT VENANCIO RAIM DE SOUSA,Pequeno,-4.09782161048785,-38.48728330729509,0.8681223037480164
Intercorrencia,230523,"HORIZONTE, CE",7,5,0.7142857142857143,4,2427176,HOSPITAL JOSE MARIA PHILOMENO GOMES,Medio,-4.1718324,-38.468231,8.664132213731866
Intercorrencia,230523,"HORIZONTE, CE",7,5,0.7142857142857143,4,2724308,HOSPITAL E MATERNIDADE ESTER CAVALCANTE ASSUNCAO,Pequeno,-3.972865399999999,-38.5211706,14.283737548052297
Intercorrencia,230495,"GUAIUBA, CE",5,5,1.0,2,2664364,HOSPITAL MUNICIPAL DOM ALOISIO LORSCHEIDER,Pequeno,-4.0423331657615575,-38.633679803750574,0.016948247274636657
Intercorrencia,230495,"GUAIUBA, CE",5,5,1.0,2,2373270,HOSPITAL RAIMUNDO CELIO RODRIGUES,Medio,-3.9824484,-38.619293,6.8461416100870185
Intercorrencia,230495,"GUAIUBA, CE",5,5,1.0,2,2724308,HOSPITAL E MATERNIDADE ESTER CAVALCANTE ASSUNCAO,Pequeno,-3.972865399999999,-38.5211706,14.664169605888826
Intercorrencia,231030,"PARAMBU, CE",5,5,1.0,1,2561026,HOSP MUNIC DR CICERO F FILHO,Medio,-6.2153313768892735,-40.70275894678217,0.7123190793658677
Intercorrencia,231030,"PARAMBU, CE",5,5,1.0,1,2480050,MATERNIDADE QUITERIA DE LIMA,Pequeno,-5.844385614267259,-40.70334067753314,41.054772682002415
Intercorrencia,231030,"PARAMBU, CE",5,5,1.0,1,2328038,HOSPITAL MUNICIPAL DE ARNEIROZ,Pequeno,-6.317314357252552,-40.16482268844805,59.89675539730771
Intercorrencia,231270,"SENADOR POMPEU, CE",13,4,0.3076923076923077,3,2611481,MATERNIDADE E HOSPITAL SANTA ISABEL,Medio,-5.593502099999999,-39.37673119999999,0.7808130963331712
Intercorrencia,231270,"SENADOR POMPEU, CE",13,4,0.3076923076923077,3,2328100,HOSPITAL MUNICIPAL JOAO LEOPOLDO PINHEIRO LANDIM,Pequeno,-5.6775925,-39.1909504,22.517920141233326
Intercorrencia,231270,"SENADOR POMPEU, CE",13,4,0.3076923076923077,3,2561409,HOSPITAL MUNICIPAL PEQUENO PORTE LUIZ ROBERTO PESSOA AIRES,Pequeno,-5.801388408397838,-39.41529272867741,24.24203412860577
Intercorrencia,231150,"QUIXERE, CE",8,4,0.5,3,2526662,HOSPITAL MUNICIPAL JOAQUIM MANOEL OLIVEIRA,Pequeno,-5.074420477760048,-37.98889649191031,0.18862658736565296
Intercorrencia,231150,"QUIXERE, CE",8,4,0.5,3,9672427,HOSPITAL REGIONAL VALE DO JAGUARIBE,Medio,-5.119815697481895,-38.148281510879,18.347056134314318
Intercorrencia,231150,"QUIXERE, CE",8,4,0.5,3,2527693,CASA DE SAUDE MATERNIDADE CELESTINA COLARES,Medio,-5.250982695891236,-38.13391455864896,25.460811397646847
Intercorrencia,230700,"JAGUARUANA, CE",5,4,0.8,3,2560976,HOSPITAL MATERNIDADE NOSSA SENHORA DA EXPECTACAO,Pequeno,-4.839481789883542,-37.78442368313681,0.24984874757455589
Intercorrencia,230700,"JAGUARUANA, CE",5,4,0.8,3,2372673,UNID MISTA JOSEFA MA CONCEICAO,Pequeno,-4.678100297354964,-37.82100685077229,18.256752394039932
Intercorrencia,230700,"JAGUARUANA, CE",5,4,0.8,3,2372967,HOSPITAL MUNICIPAL DR EDUARDO DIAS,Medio,-4.562981574595703,-37.76377353711932,30.635444635796514
Intercorrencia,231025,"PARAIPABA, CE",4,4,1.0,1,2561891,HOSP OTACILIO BARBOSA DOS SANTOS,Pequeno,-3.4357096169395014,-39.14854113639552,0.21953917891500263
Intercorrencia,231025,"PARAIPABA, CE",4,4,1.0,1,2562391,SANTA CASA DE PARACURU,Pequeno,-3.413251764447116,-39.03803798739601,12.528825076772378
Intercorrencia,231025,"PARAIPABA, CE",4,4,1.0,1,2479710,HOSPITAL E MATERNIDADE JOSE GRANJA RIBEIRO,Pequeno,-3.2743437241450235,-39.26517784010534,22.32256889571624
Intercorrencia,231085,"PINDORETAMA, CE",4,4,1.0,1,2564769,HOSPITAL E CENTRO DE PARTO NORMAL DE PINDORETAMA,Pequeno,-4.0304585,-38.3036892,0.0
Intercorrencia,231085,"PINDORETAMA, CE",4,4,1.0,1,2514710,HOSPITAL E MATERNIDADE NOSSA SENHORA DAS GRACAS,Medio,-4.130368096161592,-38.23726026666231,13.330591324931483
Intercorrencia,231085,"PINDORETAMA, CE",4,4,1.0,1,2561395,HOSP GERAL MANUEL ASSUNCAO PIRES,Pequeno,-3.9049958,-38.3841268,16.56024939008933
Intercorrencia,230420,"CRATO, CE",12,3,0.25,4,2415488,HOSPITAL E MATERNIDADE SAO FRANCISCO DE ASSIS,Medio,-7.2367808,-39.415336,0.8294444627058737
Intercorrencia,230420,"CRATO, CE",12,3,0.25,4,2415461,HOSPITAL SANTE CARIRI,Medio,-7.231126900544753,-39.40099981603153,1.2531225978100358
Intercorrencia,230420,"CRATO, CE",12,3,0.25,4,6779522,HOSPITAL REGIONAL DO CARIRI,Grande,-7.2263193,-39.3254599,9.587801879650579
Intercorrencia,230110,"ARACATI, CE",7,3,0.4285714285714285,2,2373009,HOSPITAL E MATERNIDADE SANTA LUISA DE MARILLAC,Medio,-4.562208807071716,-37.77036450508371,0.2002881342177552
Intercorrencia,230110,"ARACATI, CE",7,3,0.4285714285714285,2,2372967,HOSPITAL MUNICIPAL DR EDUARDO DIAS,Medio,-4.562981574595703,-37.76377353711932,0.5973678602028185
Intercorrencia,230110,"ARACATI, CE",7,3,0.4285714285714285,2,2372568,HOSPITAL MUNICIPAL DO FORTIM DR WALDEMAR ALCANTARA,Pequeno,-4.455745438944914,-37.796012234845065,12.107116104370041
Intercorrencia,230240,"BOA VIAGEM, CE",7,3,0.4285714285714285,2,2479028,CASA DE SAUDE ADILIA MARIA,Medio,-5.125235399999999,-39.729597,0.17087476102283972
Intercorrencia,230240,"BOA VIAGEM, CE",7,3,0.4285714285714285,2,2478994,HOSP MATERN MAE TOTONHA,Pequeno,-4.850944966932015,-39.57605705425922,35.06637433894081
Intercorrencia,230240,"BOA VIAGEM, CE",7,3,0.4285714285714285,2,2723255,HOSPITAL MUNICIPAL SAO SEBASTIAO E MATERNIDADE CELIA MENDES,Medio,-5.458738599999999,-39.71656369999999,37.03592474676823
Intercorrencia,230740,"JUCAS, CE",4,3,0.75,2,5077680,HOSPITAL MUNICIPAL JOSE FACUNDO FILHO,Medio,-6.514021899999999,-39.51603619999999,1.1914261448930221
Intercorrencia,230740,"JUCAS, CE",4,3,0.75,2,2561468,HOSP DR THADEU DE PAULO BRITO,Pequeno,-6.537673829064564,-39.49601994649563,3.679675173299296
Intercorrencia,230740,"JUCAS, CE",4,3,0.75,2,5292190,HOSPITAL SAO VICENTE IESA,Medio,-6.363394402058099,-39.29676477248615,30.643468092279083
Intercorrencia,231090,"PIQUET CARNEIRO, CE",4,3,0.75,2,2561409,HOSPITAL MUNICIPAL PEQUENO PORTE LUIZ ROBERTO PESSOA AIRES,Pequeno,-5.801388408397838,-39.41529272867741,0.3183857039709014
Intercorrencia,231090,"PIQUET CARNEIRO, CE",4,3,0.75,2,2328437,HOSPITAL MUNICIPAL SAO BERNARDO,Pequeno,-5.916552668165437,-39.26551273860898,20.94822109515701
Intercorrencia,231090,"PIQUET CARNEIRO, CE",4,3,0.75,2,2611481,MATERNIDADE E HOSPITAL SANTA ISABEL,Medio,-5.593502099999999,-39.37673119999999,23.78711620500598
Intercorrencia,230185,"BANABUIU, CE",3,3,1.0,1,2327961,HOSPITAL E MATERNIDADE ADOLFO BEZERRA DE MENEZES,Pequeno,-5.602428448211365,-38.7616476160288,37.31348911801522
Intercorrencia,230185,"BANABUIU, CE",3,3,1.0,1,2328399,HOSPITAL E MATERNIDADE JESUS MARIA JOSE HMJMJ,Medio,-4.9669795,-39.0245184,39.46224625147841
Intercorrencia,230185,"BANABUIU, CE",3,3,1.0,1,7061021,HOSPITAL REGIONAL DO SERTAO CENTRAL,Grande,-5.1832747,-39.2616355,40.19577466995975
Intercorrencia,230730,"JUAZEIRO DO NORTE, CE",23,2,0.0869565217391304,4,2426072,HOSPITAL INFANTIL MUNICIPAL MARIA AMELIA BEZERRA,Pequeno,-7.220167825368464,-39.317204311825456,0.6442118912778859
Intercorrencia,230730,"JUAZEIRO DO NORTE, CE",23,2,0.0869565217391304,4,6779522,HOSPITAL REGIONAL DO CARIRI,Grande,-7.2263193,-39.3254599,1.3926686444218201
Intercorrencia,230730,"JUAZEIRO DO NORTE, CE",23,2,0.0869565217391304,4,2562499,HOSPITAL MATERNIDADE SAO LUCAS,Medio,-7.205665480644018,-39.31019262874244,2.0849431570462778
Intercorrencia,230020,"ACARAU, CE",10,2,0.2,3,2516632,HOSP DR MOURA FERREIRA,Medio,-2.8857993844743963,-40.11621624812955,1.3882708266201358
Intercorrencia,230020,"ACARAU, CE",10,2,0.2,3,4527372,HOSPITAL DE TRAUMATOLOGIA E ORTOPEDIA DE ACARAU,Medio,-2.885820264715285,-40.09997708815115,2.5249894978056315
Intercorrencia,230020,"ACARAU, CE",10,2,0.2,3,2563460,HOSP MUNIC DONA MARIA MUNIZ,Medio,-2.921917927927585,-40.18268711683469,7.536624440704083
Intercorrencia,231240,"SAO GONCALO DO AMARANTE, CE",8,2,0.25,3,2427125,HOSP GERAL LUIZA ALCANTARA SILVA,Medio,-3.607021411057896,-38.9621899261819,0.688505123606012
Intercorrencia,231240,"SAO GONCALO DO AMARANTE, CE",8,2,0.25,3,2562391,SANTA CASA DE PARACURU,Pequeno,-3.413251764447116,-39.03803798739601,22.91867225820057
Intercorrencia,231240,"SAO GONCALO DO AMARANTE, CE",8,2,0.25,3,2561891,HOSP OTACILIO BARBOSA DOS SANTOS,Pequeno,-3.4357096169395014,-39.14854113639552,27.636178459817405
Intercorrencia,230930,"NOVA RUSSAS, CE",7,2,0.2857142857142857,2,2695839,HOSPITAL MUNICIPAL JOSE GONCALVES ROSA,Medio,-4.7146173,-40.5619107,0.8892222736989326
Intercorrencia,230930,"NOVA RUSSAS, CE",7,2,0.2857142857142857,2,2414872,HOSP MATERN OTACILIO MOTA,Pequeno,-4.5425791,-40.7173442,25.038725608997396
Intercorrencia,230930,"NOVA RUSSAS, CE",7,2,0.2857142857142857,2,2415623,HOSPITAL MUNICIPAL RAIMUNDA TIMBO CAMELO TAMBORIL,Medio,-4.8342899,-40.3276471,29.653665246823394
Intercorrencia,230425,"CRUZ, CE",5,2,0.4,2,2563460,HOSP MUNIC DONA MARIA MUNIZ,Medio,-2.921917927927585,-40.18268711683469,0.7646270980358664
Intercorrencia,230425,"CRUZ, CE",5,2,0.4,2,2516632,HOSP DR MOURA FERREIRA,Medio,-2.8857993844743963,-40.11621624812955,7.7453192503371975
Intercorrencia,230425,"CRUZ, CE",5,2,0.4,2,4527372,HOSPITAL DE TRAUMATOLOGIA E ORTOPEDIA DE ACARAU,Medio,-2.885820264715285,-40.09997708815115,9.332210447711377
Intercorrencia,230590,"IPUEIRAS, CE",4,2,0.5,3,2414872,HOSP MATERN OTACILIO MOTA,Pequeno,-4.5425791,-40.7173442,0.006901880054384655
Intercorrencia,230590,"IPUEIRAS, CE",4,2,0.5,3,5018110,HOSPITAL MUNICIPAL DR JOSE EVANGELISTA DE OLIVEIRA,Medio,-4.320780151851159,-40.71289828579279,24.664794393332883
Intercorrencia,230590,"IPUEIRAS, CE",4,2,0.5,3,2561352,HOSPITAL MUNICIPAL MONSENHOR ANTONINO,Pequeno,-4.4151213,-40.9042025,25.102196107928517
Intercorrencia,230600,"IRACEMA, CE",4,2,0.5,2,2372622,HOSPITAL E MATERNIDADE MARIA ROQUE DE MACEDO,Pequeno,-5.8096095,-38.3015293,0.30192321001878913
Intercorrencia,230600,"IRACEMA, CE",4,2,0.5,2,2526670,HOSPITAL MUNICIPAL FRANCISCO NOGUEIRA DE QUEIROZ,Pequeno,-6.028244092940372,-38.34796662479939,24.671765744892173
Intercorrencia,230600,"IRACEMA, CE",4,2,0.5,2,2705923,HOSPITAL MUNICIPAL HUMBERTO DE QUEIROZ,Pequeno,-6.0453716976661545,-38.4599073930398,31.274300494687328
Intercorrencia,230680,"JAGUARIBARA, CE",4,2,0.5,4,2527677,HOSPITAL MUNICIPAL SANTA ROSA DE LIMA,Pequeno,-5.453241683092813,-38.46866513067788,1.030023763343626
Intercorrencia,230680,"JAGUARIBARA, CE",4,2,0.5,4,2527685,HOSPITAL MATERNIDADE SANTA RITA,Pequeno,-5.5170711161614605,-38.26968923830824,22.268892772614485
Intercorrencia,230680,"JAGUARIBARA, CE",4,2,0.5,4,2327961,HOSPITAL E MATERNIDADE ADOLFO BEZERRA DE MENEZES,Pequeno,-5.602428448211365,-38.7616476160288,36.67551626747191
Intercorrencia,231135,"QUIXELO, CE",4,2,0.5,3,2328429,HOSP MUNIC DE QUIXELO,Pequeno,-6.254303816543978,-39.19982494072888,0.22469914630489138
Intercorrencia,231135,"QUIXELO, CE",4,2,0.5,3,2675536,HOSPITAL MATERNIDADE AGENOR ARAUJO,Medio,-6.358432393912175,-39.29344113955305,15.74650900714654
Intercorrencia,231135,"QUIXELO, CE",4,2,0.5,3,2675560,HOSPITAL REGIONAL DE IGUATU,Grande,-6.3587958,-39.29805899999999,16.11944117795379
Intercorrencia,230470,"GRANJA, CE",3,2,0.6666666666666666,2,2333899,HOSP MATERN DR VICENTE ARRUDA,Pequeno,-3.124574432042748,-40.83126559398995,0.6870690884332401
Intercorrencia,230470,"GRANJA, CE",3,2,0.6666666666666666,2,2333902,HOSP IMACULADA CONCEICAO,Pequeno,-3.2260797462938946,-40.69335061482676,19.353145906248947
Intercorrencia,230470,"GRANJA, CE",3,2,0.6666666666666666,2,2327945,HOSPITAL DEPUTADO MURILO AGUIAR,Medio,-2.9008808,-40.8419427,24.228329242155937
Intercorrencia,231080,"PEREIRO, CE",3,2,0.6666666666666666,2,2705923,HOSPITAL MUNICIPAL HUMBERTO DE QUEIROZ,Pequeno,-6.0453716976661545,-38.4599073930398,0.21379640972019176
Intercorrencia,231080,"PEREIRO, CE",3,2,0.6666666666666666,2,2526670,HOSPITAL MUNICIPAL FRANCISCO NOGUEIRA DE QUEIROZ,Pequeno,-6.028244092940372,-38.34796662479939,12.584998706746468
Intercorrencia,231080,"PEREIRO, CE",3,2,0.6666666666666666,2,2374064,HOSPITAL MUNICIPAL GOVERNADOR ADAUTO BEZERRA,Pequeno,-5.882928396218683,-38.61764924153432,24.909861614652783
Intercorrencia,231310,"TABULEIRO DO NORTE, CE",3,2,0.6666666666666666,3,2527693,CASA DE SAUDE MATERNIDADE CELESTINA COLARES,Medio,-5.250982695891236,-38.13391455864896,0.9498089184038055
Intercorrencia,231310,"TABULEIRO DO NORTE, CE",3,2,0.6666666666666666,3,9672427,HOSPITAL REGIONAL VALE DO JAGUARIBE,Medio,-5.119815697481895,-38.148281510879,14.004030034499003
Intercorrencia,231310,"TABULEIRO DO NORTE, CE",3,2,0.6666666666666666,3,2526662,HOSPITAL MUNICIPAL JOAQUIM MANOEL OLIVEIRA,Pequeno,-5.074420477760048,-37.98889649191031,24.415203489288693
Intercorrencia,230015,"ACARAPE, CE",2,2,1.0,1,2664666,HOSP MATERN PAULO SARASATE,Medio,-4.224501286840884,-38.72827271402963,2.595100590437275
Intercorrencia,230015,"ACARAPE, CE",2,2,1.0,1,2373475,HOSPITAL DE BARREIRA,Pequeno,-4.279981753263235,-38.63631880308223,10.044512829240098
Intercorrencia,230015,"ACARAPE, CE",2,2,1.0,1,2664283,UNIDADE MISTA DE SAUDE VIRGINIA RODRIGUES SIMPLICIO,Pequeno,-4.147284073575639,-38.85083244341426,18.13128468298195
Intercorrencia,230395,"CHOROZINHO, CE",2,2,1.0,1,2554755,HOSPITAL MUNICIPAL DE CHOROZINHO,Pequeno,-4.300184799999999,-38.49822200000001,0.0
Intercorrencia,230395,"CHOROZINHO, CE",2,2,1.0,1,2427176,HOSPITAL JOSE MARIA PHILOMENO GOMES,Medio,-4.1718324,-38.468231,14.654500331533164
Intercorrencia,230395,"CHOROZINHO, CE",2,2,1.0,1,2373475,HOSPITAL DE BARREIRA,Pequeno,-4.279981753263235,-38.63631880308223,15.476548691090638
Intercorrencia,230460,"GENERAL SAMPAIO, CE",2,2,1.0,1,2562227,HOSP MATERN JULIA JORGE,Pequeno,-4.051892632124381,-39.45142519757183,0.29609218227871764
Intercorrencia,230460,"GENERAL SAMPAIO, CE",2,2,1.0,1,2611465,HOSPITAL SAO SEBASTIAO,Pequeno,-3.945785997723486,-39.42954448078766,11.862841939810641
Intercorrencia,230460,"GENERAL SAMPAIO, CE",2,2,1.0,1,2664690,HOSPITAL MATERNIDADE DR ARAMIS PAIVA,Pequeno,-4.098724803011324,-39.23930623506502,23.868705086414753
Intercorrencia,231335,"TEJUCUOCA, CE",2,2,1.0,1,2562227,HOSP MATERN JULIA JORGE,Pequeno,-4.051892632124381,-39.45142519757183,15.784427248011761
Intercorrencia,231335,"TEJUCUOCA, CE",2,2,1.0,1,2611465,HOSPITAL SAO SEBASTIAO,Pequeno,-3.945785997723486,-39.42954448078766,17.270071025345818
Intercorrencia,231335,"TEJUCUOCA, CE",2,2,1.0,1,2562154,HOSP MATERN JOAO FERREIRA GOMES,Pequeno,-3.6817330937815633,-39.58909234126292,34.196588135617546
Intercorrencia,230280,"CANINDE, CE",13,1,0.0769230769230769,3,2527413,HOSPITAL E MATERNIDADE REGIONAL SAO FRANCISCO,Medio,-4.362193832452204,-39.31369957245525,0.46097835010234295
Intercorrencia,230280,"CANINDE, CE",13,1,0.0769230769230769,3,2563363,HOSPITAL DE PEQUENO PORTE ANA ALENCAR ALVES,Pequeno,-4.229036512481335,-39.1909294756449,19.779122597117627
Intercorrencia,230280,"CANINDE, CE",13,1,0.0769230769230769,3,2611643,HOSPITAL DE PEQUENO PORTE DE CARIDADE,Pequeno,-4.2290373,-39.1909146,19.780194688913802
Intercorrencia,231340,"TIANGUA, CE",6,1,0.1666666666666666,3,2560852,HOSPITAL MATERNIDADE MADALENA NUNES,Medio,-3.725417482655679,-40.99131157224586,0.6333252855880442
Intercorrencia,231340,"TIANGUA, CE",6,1,0.1666666666666666,3,2561328,HOSPITAL MUNICIPAL FRANCISCA BELARMINO DA COSTA,Pequeno,-3.869739042658184,-40.91731355088515,17.55819420159262
Intercorrencia,231340,"TIANGUA, CE",6,1,0.1666666666666666,3,2479818,HOSP MATERN MENINO JESUS DE PRAGA,Pequeno,-3.7603788,-40.814238,20.076127121967303
Intercorrencia,230220,"BEBERIBE, CE",4,1,0.25,2,2372819,HOSPITAL MUNICIPAL MONSENHOR DOURADO,Medio,-4.181112008182183,-38.13127361007147,0.23962151848822869
Intercorrencia,230220,"BEBERIBE, CE",4,1,0.25,2,2514710,HOSPITAL E MATERNIDADE NOSSA SENHORA DAS GRACAS,Medio,-4.130368096161592,-38.23726026666231,13.247581582912392
Intercorrencia,230220,"BEBERIBE, CE",4,1,0.25,2,2564769,HOSPITAL E CENTRO DE PARTO NORMAL DE PINDORETAMA,Pequeno,-4.0304585,-38.3036892,25.6551014529696
Intercorrencia,231320,"TAMBORIL, CE",4,1,0.25,2,2415623,HOSPITAL MUNICIPAL RAIMUNDA TIMBO CAMELO TAMBORIL,Medio,-4.8342899,-40.3276471,0.7194612595313987
Intercorrencia,231320,"TAMBORIL, CE",4,1,0.25,2,2561050,HOSPITAL MUNICIPAL DE CATUNDA FRANCISCA GONCALVES DE OLIVEIR,Pequeno,-4.649025,-40.1999281,24.494407123548072
Intercorrencia,231320,"TAMBORIL, CE",4,1,0.25,2,2414864,HOSP MATERN F FARIAS LEITAO,Pequeno,-4.789272972512497,-40.06605650167611,28.694635757549715
Intercorrencia,230260,"CAMOCIM, CE",3,1,0.3333333333333333,3,2327945,HOSPITAL DEPUTADO MURILO AGUIAR,Medio,-2.9008808,-40.8419427,0.017998786670506802
Intercorrencia,230260,"CAMOCIM, CE",3,1,0.3333333333333333,3,2333899,HOSP MATERN DR VICENTE ARRUDA,Pequeno,-3.124574432042748,-40.83126559398995,24.90700596960518
Intercorrencia,230260,"CAMOCIM, CE",3,1,0.3333333333333333,3,2333902,HOSP IMACULADA CONCEICAO,Pequeno,-3.2260797462938946,-40.69335061482676,39.75787741682932
Intercorrencia,230950,"OROS, CE",3,1,0.3333333333333333,2,2499037,HOSP MATERN LUZIA T DA COSTA,Pequeno,-6.243733448653949,-38.91740353231278,0.3774751912380107
Intercorrencia,230950,"OROS, CE",3,1,0.3333333333333333,2,2611309,HOSPITAL REGIONAL DE ICO DEPUTADO ORIEL GUIMARAES NUNES,Medio,-6.4005677,-38.8571841,18.63130018195863
Intercorrencia,230950,"OROS, CE",3,1,0.3333333333333333,2,2328429,HOSP MUNIC DE QUIXELO,Pequeno,-6.254303816543978,-39.19982494072888,31.607462180296466
Intercorrencia,231230,"SAO BENEDITO, CE",3,1,0.3333333333333333,3,2665190,HOSPITAL MUNICIPAL DR BUENO BANHOS,Medio,-4.024906226431336,-40.87007365158916,2.2904072476294988
Intercorrencia,231230,"SAO BENEDITO, CE",3,1,0.3333333333333333,3,2561336,HOSPITAL MUNICIPAL MARIA WANDERLENE NEGREIROS DE QUEIROZ,Medio,-3.9247142,-40.8900189,13.646857925684337
Intercorrencia,231230,"SAO BENEDITO, CE",3,1,0.3333333333333333,3,2561298,UNID MISTA NOSSA SRA AUXILIADORA,Pequeno,-4.159606996343871,-40.94065942733916,15.258635588209705
Intercorrencia,231300,"SOLONOPOLE, CE",3,1,0.3333333333333333,2,2328119,HOSPITAL MATERNIDADE MARIA SUELLY NOGUEIRA PINHEIRO,Pequeno,-5.733378692447756,-39.01051372747882,0.06646522788145197
Intercorrencia,231300,"SOLONOPOLE, CE",3,1,0.3333333333333333,2,2328100,HOSPITAL MUNICIPAL JOAO LEOPOLDO PINHEIRO LANDIM,Pequeno,-5.6775925,-39.1909504,20.95045927780721
Intercorrencia,231300,"SOLONOPOLE, CE",3,1,0.3333333333333333,2,2327961,HOSPITAL E MATERNIDADE ADOLFO BEZERRA DE MENEZES,Pequeno,-5.602428448211365,-38.7616476160288,31.083705225671643
Intercorrencia,230210,"BATURITE, CE",2,1,0.5,2,6273181,AMO ATENCAO MEDICA OFTALMOLOGICA,Pequeno,-4.33166942724164,-38.87774778439378,0.1392532547264956
Intercorrencia,230210,"BATURITE, CE",2,1,0.5,2,2333716,HOSPITAL E MATERNIDADE JOSE PINTO DO CARMO,Medio,-4.3278553,-38.8824123,0.5440566382916785
Intercorrencia,230210,"BATURITE, CE",2,1,0.5,2,4010779,HOSP MATERN SANTA IZABEL ARACOIABA,Medio,-4.371982,-38.8104556,8.838443151767866
Intercorrencia,230670,"JAGUARETAMA, CE",2,1,0.5,2,2327961,HOSPITAL E MATERNIDADE ADOLFO BEZERRA DE MENEZES,Pequeno,-5.602428448211365,-38.7616476160288,0.7736276406229232
Intercorrencia,230670,"JAGUARETAMA, CE",2,1,0.5,2,2328119,HOSPITAL MATERNIDADE MARIA SUELLY NOGUEIRA PINHEIRO,Pequeno,-5.733378692447756,-39.01051372747882,30.669247165592562
Intercorrencia,230670,"JAGUARETAMA, CE",2,1,0.5,2,2374064,HOSPITAL MUNICIPAL GOVERNADOR ADAUTO BEZERRA,Pequeno,-5.882928396218683,-38.61764924153432,34.418430710551114
Intercorrencia,230690,"JAGUARIBE, CE",2,1,0.5,2,2374064,HOSPITAL MUNICIPAL GOVERNADOR ADAUTO BEZERRA,Pequeno,-5.882928396218683,-38.61764924153432,1.1905661673506462
Intercorrencia,230690,"JAGUARIBE, CE",2,1,0.5,2,2705923,HOSPITAL MUNICIPAL HUMBERTO DE QUEIROZ,Pequeno,-6.0453716976661545,-38.4599073930398,24.6860701009742
Intercorrencia,230690,"JAGUARIBE, CE",2,1,0.5,2,2526670,HOSPITAL MUNICIPAL FRANCISCO NOGUEIRA DE QUEIROZ,Pequeno,-6.028244092940372,-38.34796662479939,33.844926289336485
Intercorrencia,230763,"MADALENA, CE",2,1,0.5,2,2478994,HOSP MATERN MAE TOTONHA,Pequeno,-4.850944966932015,-39.57605705425922,0.1982636343111441
Intercorrencia,230763,"MADALENA, CE",2,1,0.5,2,2479028,CASA DE SAUDE ADILIA MARIA,Medio,-5.125235399999999,-39.729597,34.89229698227111
Intercorrencia,230763,"MADALENA, CE",2,1,0.5,2,2328380,HOSPITAL REGIONAL DR PONTES NETO,Medio,-5.1954883,-39.3117054,48.028530508185206
Intercorrencia,230860,"MONSENHOR TABOSA, CE",2,1,0.5,2,2414864,HOSP MATERN F FARIAS LEITAO,Pequeno,-4.789272972512497,-40.06605650167611,0.31267299722811237
Intercorrencia,230860,"MONSENHOR TABOSA, CE",2,1,0.5,2,2561050,HOSPITAL MUNICIPAL DE CATUNDA FRANCISCA GONCALVES DE OLIVEIR,Pequeno,-4.649025,-40.1999281,21.817772774986214
Intercorrencia,230860,"MONSENHOR TABOSA, CE",2,1,0.5,2,2415623,HOSPITAL MUNICIPAL RAIMUNDA TIMBO CAMELO TAMBORIL,Medio,-4.8342899,-40.3276471,29.667619227712056
Intercorrencia,230900,"MUCAMBO, CE",2,1,0.5,2,2561336,HOSPITAL MUNICIPAL MARIA WANDERLENE NEGREIROS DE QUEIROZ,Medio,-3.9247142,-40.8900189,16.224931963667274
Intercorrencia,230900,"MUCAMBO, CE",2,1,0.5,2,2479818,HOSP MATERN MENINO JESUS DE PRAGA,Pequeno,-3.7603788,-40.814238,17.88483845065337
Intercorrencia,230900,"MUCAMBO, CE",2,1,0.5,2,2665190,HOSPITAL MUNICIPAL DR BUENO BANHOS,Medio,-4.024906226431336,-40.87007365158916,19.1916332837819
Intercorrencia,230970,"PACATUBA, CE",2,1,0.5,2,2806215,HOSPITAL MUNICIPAL DR JOAO ELISIO DE HOLANDA,Grande,-3.878280299999999,-38.6235309,4.941717164375641
Intercorrencia,230970,"PACATUBA, CE",2,1,0.5,2,2372150,ABEMP,Medio,-3.8631455122918097,-38.58663872259474,6.382205242873419
Intercorrencia,230970,"PACATUBA, CE",2,1,0.5,2,2373270,HOSPITAL RAIMUNDO CELIO RODRIGUES,Medio,-3.9824484,-38.619293,7.3754407071676615
Intercorrencia,231020,"PARACURU, CE",2,1,0.5,2,2562391,SANTA CASA DE PARACURU,Pequeno,-3.413251764447116,-39.03803798739601,0.9285409553689153
Intercorrencia,231020,"PARACURU, CE",2,1,0.5,2,2561891,HOSP OTACILIO BARBOSA DOS SANTOS,Pequeno,-3.4357096169395014,-39.14854113639552,13.437190017387568
Intercorrencia,231020,"PARACURU, CE",2,1,0.5,2,2427125,HOSP GERAL LUIZA ALCANTARA SILVA,Medio,-3.607021411057896,-38.9621899261819,23.121432408184496
Intercorrencia,230075,"AMONTADA, CE",1,1,1.0,1,153087,HOSPITAL REGIONAL DE ITAPIPOCA,Pequeno,-3.496565572849428,-39.59765856838256,29.90908047347324
Intercorrencia,230075,"AMONTADA, CE",1,1,1.0,1,2563479,HOSPITAL MUNICIPAL DE MORRINHOS,Pequeno,-3.2269566189007146,-40.12116267632666,35.54422508494771
Intercorrencia,230075,"AMONTADA, CE",1,1,1.0,1,2499339,HOSPITAL GERAL DR JOSE ARCANJO NETO,Pequeno,-3.454254093321065,-40.20261907177232,42.525938128071374
Intercorrencia,230090,"APUIARES, CE",1,1,1.0,1,2611465,HOSPITAL SAO SEBASTIAO,Pequeno,-3.945785997723486,-39.42954448078766,0.13455266932424126
Intercorrencia,230090,"APUIARES, CE",1,1,1.0,1,2562227,HOSP MATERN JULIA JORGE,Pequeno,-4.051892632124381,-39.45142519757183,11.942496536711294
Intercorrencia,230090,"APUIARES, CE",1,1,1.0,1,2562138,HOSP MATERN REG VALE DO CURU,Medio,-3.793352047131117,-39.27346932044814,24.364314471056588
Intercorrencia,230150,"ARNEIROZ, CE",1,1,1.0,1,2328038,HOSPITAL MUNICIPAL DE ARNEIROZ,Pequeno,-6.317314357252552,-40.16482268844805,0.8186785446982142
Intercorrencia,230150,"ARNEIROZ, CE",1,1,1.0,1,2560992,HOSP NOSSA SRA DO PATROCINIO,Pequeno,-6.559705954690768,-40.12125205584911,26.61826927181622
Intercorrencia,230150,"ARNEIROZ, CE",1,1,1.0,1,2561018,UNID MISTA DE SABOEIRO,Pequeno,-6.53522,-39.9024205,37.011153765136314
Intercorrencia,230360,"CATARINA, CE",1,1,1.0,1,2333864,HOSPITAL MUNICIPAL DR GENTIL DOMINGUES,Pequeno,-6.13250850508639,-39.87490112838592,0.44718401182648715
Intercorrencia,230360,"CATARINA, CE",1,1,1.0,1,2328038,HOSPITAL MUNICIPAL DE ARNEIROZ,Pequeno,-6.317314357252552,-40.16482268844805,37.643469842482624
Intercorrencia,230360,"CATARINA, CE",1,1,1.0,1,2561018,UNID MISTA DE SABOEIRO,Pequeno,-6.53522,-39.9024205,44.73716082210854
Intercorrencia,230365,"CATUNDA, CE",1,1,1.0,1,2561050,HOSPITAL MUNICIPAL DE CATUNDA FRANCISCA GONCALVES DE OLIVEIR,Pequeno,-4.649025,-40.1999281,0.0
Intercorrencia,230365,"CATUNDA, CE",1,1,1.0,1,2414864,HOSP MATERN F FARIAS LEITAO,Pequeno,-4.789272972512497,-40.06605650167611,21.524128374638046
Intercorrencia,230365,"CATUNDA, CE",1,1,1.0,1,2415623,HOSPITAL MUNICIPAL RAIMUNDA TIMBO CAMELO TAMBORIL,Medio,-4.8342899,-40.3276471,24.993826554213914
Intercorrencia,230465,"GRACA, CE",1,1,1.0,1,2561344,HOSPITAL MATERNIDADE SAO JOSE,Pequeno,-4.158963387205655,-40.76430268583922,12.54923859535653
Intercorrencia,230465,"GRACA, CE",1,1,1.0,1,2665190,HOSPITAL MUNICIPAL DR BUENO BANHOS,Medio,-4.024906226431336,-40.87007365158916,13.250687535347025
Intercorrencia,230465,"GRACA, CE",1,1,1.0,1,2561336,HOSPITAL MUNICIPAL MARIA WANDERLENE NEGREIROS DE QUEIROZ,Medio,-3.9247142,-40.8900189,20.402877523830234
Intercorrencia,230520,"HIDROLANDIA, CE",1,1,1.0,1,2528282,HOSPITAL MATERNIDADE DR LUIZ DE GONZAGA FONSECA MOTA,Pequeno,-4.41129873253632,-40.40060409011666,0.582439263211976
Intercorrencia,230520,"HIDROLANDIA, CE",1,1,1.0,1,2479893,UNIDADE OBSTETRICA DE VARJOTA,Pequeno,-4.1958609,-40.4733312,24.73870232507011
Intercorrencia,230520,"HIDROLANDIA, CE",1,1,1.0,1,2478080,HOSP PUBLICO MUNICIPAL S QUITERIA,Medio,-4.336882699999999,-40.1512434,29.10302477057752
Intercorrencia,230610,"IRAUCUBA, CE",1,1,1.0,1,2479478,HOSPITAL MUNICIPAL DR PEDRO DE CASTRO MARINHO,Pequeno,-3.7492301,-39.7798954,6.387624789557831
Intercorrencia,230610,"IRAUCUBA, CE",1,1,1.0,1,2562154,HOSP MATERN JOAO FERREIRA GOMES,Pequeno,-3.6817330937815633,-39.58909234126292,28.439558897175413
Intercorrencia,230610,"IRAUCUBA, CE",1,1,1.0,1,2562146,HOSPITAL MUNICIPAL ROQUE SILVA MOTA,Pequeno,-3.675980365431492,-39.58484718363126,29.05938128064876
Intercorrencia,230910,"MULUNGU, CE",1,1,1.0,1,2333856,HOSP MATERN WALDEMAR ALCANTARA,Pequeno,-4.305569544062552,-38.99715657346765,0.33798791561871244
Intercorrencia,230910,"MULUNGU, CE",1,1,1.0,1,2333740,HOSPITAL MUNICIPAL DE GUARAMIRANGA,Pequeno,-4.261940775004908,-38.93172786357693,8.38995523945078
Intercorrencia,230910,"MULUNGU, CE",1,1,1.0,1,2328445,HOSPITAL PADRE QUILIANO E MATERNIDADE DONA NEUSA HOLANDA,Pequeno,-4.225734648360887,-38.91983731641233,12.008371995157285
Intercorrencia,231250,"SAO JOAO DO JAGUARIBE, CE",1,1,1.0,1,2527693,CASA DE SAUDE MATERNIDADE CELESTINA COLARES,Medio,-5.250982695891236,-38.13391455864896,15.437952745513067
Intercorrencia,231250,"SAO JOAO DO JAGUARIBE, CE",1,1,1.0,1,3302490,HOSPITAL REGIONAL FRANCISCO GALVAO DE OLIVEIRA,Medio,-5.104074499999999,-38.3627461,20.960322043360552
Intercorrencia,231250,"SAO JOAO DO JAGUARIBE, CE",1,1,1.0,1,9672427,HOSPITAL REGIONAL VALE DO JAGUARIBE,Medio,-5.119815697481895,-38.148281510879,21.567529506929223
Intercorrencia,231355,"TURURU, CE",1,1,1.0,1,2426218,HOSPITAL MUNICIPAL DR WALDEMAR DE ALCANTARA,Pequeno,-3.605621418159056,-39.43601982856045,0.8156122416329799
Intercorrencia,231355,"TURURU, CE",1,1,1.0,1,2560836,HOSP MUNIC ANTONIO NERY FILHO,Pequeno,-3.625982250778792,-39.50708121988825,8.581930638711228
Intercorrencia,231355,"TURURU, CE",1,1,1.0,1,2562146,HOSPITAL MUNICIPAL ROQUE SILVA MOTA,Pequeno,-3.675980365431492,-39.58484718363126,18.747664817075673
Intercorrencia,231360,"UBAJARA, CE",1,1,1.0,1,2561328,HOSPITAL MUNICIPAL FRANCISCA BELARMINO DA COSTA,Pequeno,-3.869739042658184,-40.91731355088515,1.8551126055104137
Intercorrencia,231360,"UBAJARA, CE",1,1,1.0,1,2561336,HOSPITAL MUNICIPAL MARIA WANDERLENE NEGREIROS DE QUEIROZ,Medio,-3.9247142,-40.8900189,8.6010876262314
Intercorrencia,231360,"UBAJARA, CE",1,1,1.0,1,2479818,HOSP MATERN MENINO JESUS DE PRAGA,Pequeno,-3.7603788,-40.814238,15.594483368579253
Intercorrencia,230810,"MAURITI, CE",15,0,0.0,3,2560828,HOSPITAL MUNICIPAL E MATERNIDADE SAO JOSE,Medio,-7.389319493733981,-38.77165820353597,0.7083338157758697
Intercorrencia,230810,"MAURITI, CE",15,0,0.0,3,3759148,HOSPITAL MUNICIPAL NOSSA SENHORA DOS MILAGRES,Pequeno,-7.313674100000001,-38.9469152,20.805265336468057
Intercorrencia,230810,"MAURITI, CE",15,0,0.0,3,2724359,HOSP MUNIC SANTO ANTONIO,Pequeno,-7.172171273676854,-38.77510437133115,23.44051446200048
Intercorrencia,230190,"BARBALHA, CE",12,0,0.0,2,2564211,HOSPITAL MATERNIDADE SAO VICENTE DE PAULO HMSVP,Grande,-7.3119638,-39.3027232,0.3004048427270988
Intercorrencia,230190,"BARBALHA, CE",12,0,0.0,2,2552086,HOSPITAL MATERNIDADE SAO VICENTE DE PAULO,Grande,-7.3119638,-39.3027232,0.3004048427270988
Intercorrencia,230190,"BARBALHA, CE",12,0,0.0,2,4010868,HOSPITAL DO CORACAO DO CARIRI,Medio,-7.319751070656504,-39.30190465689551,1.1677992311671153
Intercorrencia,230030,"ACOPIARA, CE",6,0,0.0,1,9275134,HOSPITAL MUNICIPAL DE ACOPIARA PADRE CRISARES SAMPAIO COUTO,Medio,-6.0931519,-39.4531552,0.0
Intercorrencia,230030,"ACOPIARA, CE",6,0,0.0,1,2328437,HOSPITAL MUNICIPAL SAO BERNARDO,Pequeno,-5.916552668165437,-39.26551273860898,28.569009537750965
Intercorrencia,230030,"ACOPIARA, CE",6,0,0.0,1,2561409,HOSPITAL MUNICIPAL PEQUENO PORTE LUIZ ROBERTO PESSOA AIRES,Pequeno,-5.801388408397838,-39.41529272867741,32.71174607957181
Intercorrencia,230410,"CRATEUS, CE",5,0,0.0,1,2481073,HOSPITAL SAO LUCAS,Grande,-5.182763636489275,-40.66716290409968,0.5877437538823427
Intercorrencia,230410,"CRATEUS, CE",5,0,0.0,1,2554658,HOSPITAL MUNICIPAL DRA FRANCY FROTA,Pequeno,-4.905369919533366,-40.7616723251689,31.992160119679088
Intercorrencia,230410,"CRATEUS, CE",5,0,0.0,1,2415658,HOSP MATERN DR JOSE MARIA LEITAO,Pequeno,-5.536123247706993,-40.77884426293553,41.60834078453992
Intercorrencia,231070,"PENTECOSTE, CE",5,0,0.0,2,2562138,HOSP MATERN REG VALE DO CURU,Medio,-3.793352047131117,-39.27346932044814,0.32548740924067776
Intercorrencia,231070,"PENTECOSTE, CE",5,0,0.0,2,2562200,HOSPITAL MUNICIPAL ANTONIO RIBEIRO DA SILVA,Pequeno,-3.6739602433488674,-39.23831275959955,13.602508103697938
Intercorrencia,231070,"PENTECOSTE, CE",5,0,0.0,2,2611465,HOSPITAL SAO SEBASTIAO,Pequeno,-3.945785997723486,-39.42954448078766,24.54611098199577
Intercorrencia,231375,"UMIRIM, CE",5,0,0.0,3,2562200,HOSPITAL MUNICIPAL ANTONIO RIBEIRO DA SILVA,Pequeno,-3.6739602433488674,-39.23831275959955,12.256991430153473
Intercorrencia,231375,"UMIRIM, CE",5,0,0.0,3,2426218,HOSPITAL MUNICIPAL DR WALDEMAR DE ALCANTARA,Pequeno,-3.605621418159056,-39.43601982856045,12.61108669471997
Intercorrencia,231375,"UMIRIM, CE",5,0,0.0,3,2562138,HOSP MATERN REG VALE DO CURU,Medio,-3.793352047131117,-39.27346932044814,15.284863192980755
Intercorrencia,230250,"BREJO SANTO, CE",4,0,0.0,2,2611635,INCRI,Medio,-7.487798439365984,-38.990137955863645,0.2756924250194596
Intercorrencia,230250,"BREJO SANTO, CE",4,0,0.0,2,2480654,CASA DE SAUDE NOSSA SENHORA DE FATIMA,Pequeno,-7.491084747632713,-38.98612847838612,0.34253746163792204
Intercorrencia,230250,"BREJO SANTO, CE",4,0,0.0,2,2480646,IMTAVI,Medio,-7.485829499999999,-38.9839332,0.5087527523345999
Intercorrencia,230320,"CARIRIACU, CE",4,0,0.0,2,2425343,HOSP MATERN GERALDO L BOTELHO,Pequeno,-7.039834011970959,-39.27653970233924,1.0132295159838063
Intercorrencia,230320,"CARIRIACU, CE",4,0,0.0,2,3384993,HOSPITAL MUNICIPAL DE GRANJEIRO,Pequeno,-6.889104799999999,-39.2255098,18.22432115470147
Intercorrencia,230320,"CARIRIACU, CE",4,0,0.0,2,2562499,HOSPITAL MATERNIDADE SAO LUCAS,Medio,-7.205665480644018,-39.31019262874244,18.423739529555544
Intercorrencia,230830,"MILAGRES, CE",4,0,0.0,3,3759148,HOSPITAL MUNICIPAL NOSSA SENHORA DOS MILAGRES,Pequeno,-7.313674100000001,-38.9469152,0.7046648158850344
Intercorrencia,230830,"MILAGRES, CE",4,0,0.0,3,2480646,IMTAVI,Medio,-7.485829499999999,-38.9839332,20.244512633589256
Intercorrencia,230830,"MILAGRES, CE",4,0,0.0,3,2611635,INCRI,Medio,-7.487798439365984,-38.990137955863645,20.61731649276467
Intercorrencia,231220,"SANTA QUITERIA, CE",4,0,0.0,2,2478080,HOSP PUBLICO MUNICIPAL S QUITERIA,Medio,-4.336882699999999,-40.1512434,0.4205689345452502
Intercorrencia,231220,"SANTA QUITERIA, CE",4,0,0.0,2,2528282,HOSPITAL MATERNIDADE DR LUIZ DE GONZAGA FONSECA MOTA,Pequeno,-4.41129873253632,-40.40060409011666,28.517817458721854
Intercorrencia,231220,"SANTA QUITERIA, CE",4,0,0.0,2,2561050,HOSPITAL MUNICIPAL DE CATUNDA FRANCISCA GONCALVES DE OLIVEIR,Pequeno,-4.649025,-40.1999281,35.202015163353984
Intercorrencia,230070,"ALTO SANTO, CE",3,0,0.0,3,2527685,HOSPITAL MATERNIDADE SANTA RITA,Pequeno,-5.5170711161614605,-38.26968923830824,0.23721677298428506
Intercorrencia,230070,"ALTO SANTO, CE",3,0,0.0,3,2527677,HOSPITAL MUNICIPAL SANTA ROSA DE LIMA,Pequeno,-5.453241683092813,-38.46866513067788,23.09038938672642
Intercorrencia,230070,"ALTO SANTO, CE",3,0,0.0,3,2372622,HOSPITAL E MATERNIDADE MARIA ROQUE DE MACEDO,Pequeno,-5.8096095,-38.3015293,32.502176510238115
Intercorrencia,230530,"IBIAPINA, CE",3,0,0.0,2,2561336,HOSPITAL MUNICIPAL MARIA WANDERLENE NEGREIROS DE QUEIROZ,Medio,-3.9247142,-40.8900189,0.42812762677276256
Intercorrencia,230530,"IBIAPINA, CE",3,0,0.0,2,2561328,HOSPITAL MUNICIPAL FRANCISCA BELARMINO DA COSTA,Pequeno,-3.869739042658184,-40.91731355088515,6.495623560610478
Intercorrencia,230530,"IBIAPINA, CE",3,0,0.0,2,2665190,HOSPITAL MUNICIPAL DR BUENO BANHOS,Medio,-4.024906226431336,-40.87007365158916,11.75061006222412
Intercorrencia,230580,"IPU, CE",3,0,0.0,1,5018110,HOSPITAL MUNICIPAL DR JOSE EVANGELISTA DE OLIVEIRA,Medio,-4.320780151851159,-40.71289828579279,0.42758119570784026
Intercorrencia,230580,"IPU, CE",3,0,0.0,1,2561344,HOSPITAL MATERNIDADE SAO JOSE,Pequeno,-4.158963387205655,-40.76430268583922,19.131194206424315
Intercorrencia,230580,"IPU, CE",3,0,0.0,1,2561352,HOSPITAL MUNICIPAL MONSENHOR ANTONINO,Pequeno,-4.4151213,-40.9042025,23.966314674659753
Intercorrencia,230750,"LAVRAS DA MANGABEIRA, CE",3,0,0.0,1,2499029,HOSPITAL E MATERNIDADE ZULMIRA SEDRIN AGUIAR,Medio,-6.6072928,-39.0651707,18.168078156420147
Intercorrencia,230750,"LAVRAS DA MANGABEIRA, CE",3,0,0.0,1,3384993,HOSPITAL MUNICIPAL DE GRANJEIRO,Pequeno,-6.889104799999999,-39.2255098,18.244503014602344
Intercorrencia,230750,"LAVRAS DA MANGABEIRA, CE",3,0,0.0,1,2554518,HOSPITAL SAO VICENTE FERRER,Medio,-6.755822504665691,-38.95522751414177,18.575153894891134
Intercorrencia,230780,"MARCO, CE",3,0,0.0,2,2560984,HOSPITAL MUNICIPAL JAIME OSTERNO,Pequeno,-3.1183744,-40.1498955,0.48005114351939077
Intercorrencia,230780,"MARCO, CE",3,0,0.0,2,2563487,HOSPITAL MUNICIPAL DE BELA CRUZ,Pequeno,-3.0530863,-40.1667241,7.933573960437109
Intercorrencia,230780,"MARCO, CE",3,0,0.0,2,2563479,HOSPITAL MUNICIPAL DE MORRINHOS,Pequeno,-3.2269566189007146,-40.12116267632666,12.056546928116301
Intercorrencia,230940,"NOVO ORIENTE, CE",3,0,0.0,2,2415658,HOSP MATERN DR JOSE MARIA LEITAO,Pequeno,-5.536123247706993,-40.77884426293553,0.587788201958043
Intercorrencia,230940,"NOVO ORIENTE, CE",3,0,0.0,2,2480050,MATERNIDADE QUITERIA DE LIMA,Pequeno,-5.844385614267259,-40.70334067753314,35.009683467992325
Intercorrencia,230940,"NOVO ORIENTE, CE",3,0,0.0,2,2481073,HOSPITAL SAO LUCAS,Grande,-5.182763636489275,-40.66716290409968,41.16159411456509
Intercorrencia,230130,"ARARIPE, CE",2,0,0.0,1,2372487,HOSP MATERN LIA LOIOLA DE ALENCAR,Pequeno,-7.21356330254606,-40.13637969243444,0.198455624275351
Intercorrencia,230130,"ARARIPE, CE",2,0,0.0,1,2372495,HOSPITAL MUNICIPAL DE POTENGI,Pequeno,-7.0907724,-40.0273072,18.00485660604619
Intercorrencia,230130,"ARARIPE, CE",2,0,0.0,1,2372517,HOSPITAL MUNICIPAL DE CAMPOS SALES,Pequeno,-7.0743223,-40.37156,30.217247569262064
Intercorrencia,230270,"CAMPOS SALES, CE",2,0,0.0,2,2372517,HOSPITAL MUNICIPAL DE CAMPOS SALES,Pequeno,-7.0743223,-40.37156,0.0
Intercorrencia,230270,"CAMPOS SALES, CE",2,0,0.0,2,2372460,HOSPITAL DE PEQUENO PORTE SAO FRANCISCO SALITRE,Pequeno,-7.279063499999999,-40.4536561,24.501652793585997
Intercorrencia,230270,"CAMPOS SALES, CE",2,0,0.0,2,2372487,HOSP MATERN LIA LOIOLA DE ALENCAR,Pequeno,-7.21356330254606,-40.13637969243444,30.21605907220669
Intercorrencia,230445,"FORTIM, CE",2,0,0.0,1,2372568,HOSPITAL MUNICIPAL DO FORTIM DR WALDEMAR ALCANTARA,Pequeno,-4.455745438944914,-37.796012234845065,0.6284105166059089
Intercorrencia,230445,"FORTIM, CE",2,0,0.0,1,2373009,HOSPITAL E MATERNIDADE SANTA LUISA DE MARILLAC,Medio,-4.562208807071716,-37.77036450508371,12.777197174218115
Intercorrencia,230445,"FORTIM, CE",2,0,0.0,1,2372967,HOSPITAL MUNICIPAL DR EDUARDO DIAS,Medio,-4.562981574595703,-37.76377353711932,13.059302228034282
Intercorrencia,230450,"FRECHEIRINHA, CE",2,0,0.0,1,2479818,HOSP MATERN MENINO JESUS DE PRAGA,Pequeno,-3.7603788,-40.814238,0.33708008864190475
Intercorrencia,230450,"FRECHEIRINHA, CE",2,0,0.0,1,2561328,HOSPITAL MUNICIPAL FRANCISCA BELARMINO DA COSTA,Pequeno,-3.869739042658184,-40.91731355088515,16.53112363590106
Intercorrencia,230450,"FRECHEIRINHA, CE",2,0,0.0,1,2560852,HOSPITAL MATERNIDADE MADALENA NUNES,Medio,-3.725417482655679,-40.99131157224586,19.69192896605302
Intercorrencia,230560,"INDEPENDENCIA, CE",2,0,0.0,1,2414848,HOSPITAL MUNICIPAL CEL JOAO GOMES COUTINHO,Pequeno,-5.390571306166454,-40.302748862058245,0.8432772577851155
Intercorrencia,230560,"INDEPENDENCIA, CE",2,0,0.0,1,2481073,HOSPITAL SAO LUCAS,Grande,-5.182763636489275,-40.66716290409968,46.125040698765176
Intercorrencia,230560,"INDEPENDENCIA, CE",2,0,0.0,1,2415658,HOSP MATERN DR JOSE MARIA LEITAO,Pequeno,-5.536123247706993,-40.77884426293553,54.32014542080672
Intercorrencia,230565,"IPAPORANGA, CE",2,0,0.0,2,2554658,HOSPITAL MUNICIPAL DRA FRANCY FROTA,Pequeno,-4.905369919533366,-40.7616723251689,0.21076731701969464
Intercorrencia,230565,"IPAPORANGA, CE",2,0,0.0,2,2414996,HOSP MUNIC FRANCISCO M LIMA,Pequeno,-4.74886510702092,-40.82982990594955,18.921825686421343
Intercorrencia,230565,"IPAPORANGA, CE",2,0,0.0,2,2427133,HOSP MUNIC FRANC ANTONIO DE PINHO,Pequeno,-4.744469,-40.9215284,25.055790481486348
Intercorrencia,230570,"IPAUMIRIM, CE",2,0,0.0,2,2554771,HOSPITAL MATERNIDADE MARIA JOSE DOS SANTOS,Pequeno,-6.789129133256757,-38.7259767577818,0.8249858497290476
Intercorrencia,230570,"IPAUMIRIM, CE",2,0,0.0,2,2552345,HOSPITAL SAO FRANCISCO,Pequeno,-6.728778115621996,-38.71562915938775,6.756906328480335
Intercorrencia,230570,"IPAUMIRIM, CE",2,0,0.0,2,2499045,HOSPITAL DE PEQUENO PORTE DE UMARI ECILDA BARBOSA RIBEIRO,Pequeno,-6.649204084177439,-38.696708356786885,15.782398938979965
Intercorrencia,230840,"MISSAO VELHA, CE",2,0,0.0,1,2425432,SOPRAFA,Medio,-7.249465172366208,-39.14948769723912,0.44553296089630406
Intercorrencia,230840,"MISSAO VELHA, CE",2,0,0.0,1,2564211,HOSPITAL MATERNIDADE SAO VICENTE DE PAULO HMSVP,Grande,-7.3119638,-39.3027232,18.67840939980378
Intercorrencia,230840,"MISSAO VELHA, CE",2,0,0.0,1,2552086,HOSPITAL MATERNIDADE SAO VICENTE DE PAULO,Grande,-7.3119638,-39.3027232,18.67840939980378
Intercorrencia,230850,"MOMBACA, CE",2,0,0.0,1,2333880,HOSP MATERN ANT ADERALDO CASTELO,Pequeno,-5.74745594232208,-39.63152567670205,0.794127166501754
Intercorrencia,230850,"MOMBACA, CE",2,0,0.0,1,2561409,HOSPITAL MUNICIPAL PEQUENO PORTE LUIZ ROBERTO PESSOA AIRES,Pequeno,-5.801388408397838,-39.41529272867741,24.32556976992256
Intercorrencia,230850,"MOMBACA, CE",2,0,0.0,1,2611481,MATERNIDADE E HOSPITAL SANTA ISABEL,Medio,-5.593502099999999,-39.37673119999999,32.23250686067277
Intercorrencia,231160,"REDENCAO, CE",2,0,0.0,1,2664666,HOSP MATERN PAULO SARASATE,Medio,-4.224501286840884,-38.72827271402963,0.22682263607646191
Intercorrencia,231160,"REDENCAO, CE",2,0,0.0,1,2373475,HOSPITAL DE BARREIRA,Pequeno,-4.279981753263235,-38.63631880308223,12.138320703465032
Intercorrencia,231160,"REDENCAO, CE",2,0,0.0,1,2664283,UNIDADE MISTA DE SAUDE VIRGINIA RODRIGUES SIMPLICIO,Pequeno,-4.147284073575639,-38.85083244341426,15.857152878709707
Intercorrencia,231200,"SANTANA DO ACARAU, CE",2,0,0.0,2,2499339,HOSPITAL GERAL DR JOSE ARCANJO NETO,Pequeno,-3.454254093321065,-40.20261907177232,1.1098844014446543
Intercorrencia,231200,"SANTANA DO ACARAU, CE",2,0,0.0,2,2478277,HOSPITAL SENADOR OZIRES PONTES,Pequeno,-3.5315279,-40.3418157,16.63630554056779
Intercorrencia,231200,"SANTANA DO ACARAU, CE",2,0,0.0,2,2563479,HOSPITAL MUNICIPAL DE MORRINHOS,Pequeno,-3.2269566189007146,-40.12116267632666,27.877665863564182
Intercorrencia,231325,"TARRAFAS, CE",2,0,0.0,2,2564580,UNID MISTA NOSSA SRA DAS ANGUSTIAS,Pequeno,-6.685169337449407,-39.75760964394232,0.15566518006312097
Intercorrencia,231325,"TARRAFAS, CE",2,0,0.0,2,2561018,UNID MISTA DE SABOEIRO,Pequeno,-6.53522,-39.9024205,23.138568666809313
Intercorrencia,231325,"TARRAFAS, CE",2,0,0.0,2,4010825,HOSP MUNIC NOSSA SENHORA DAS DORES,Pequeno,-6.883068029970658,-39.87224579030725,25.523057180429106
Intercorrencia,230010,"ABAIARA, CE",1,0,0.0,1,3759148,HOSPITAL MUNICIPAL NOSSA SENHORA DOS MILAGRES,Pequeno,-7.313674100000001,-38.9469152,10.120306074837378
Intercorrencia,230010,"ABAIARA, CE",1,0,0.0,1,2611635,INCRI,Medio,-7.487798439365984,-38.990137955863645,16.344086872587038
Intercorrencia,230010,"ABAIARA, CE",1,0,0.0,1,2480646,IMTAVI,Medio,-7.485829499999999,-38.9839332,16.344826976871747
Intercorrencia,230040,"AIUABA, CE",1,0,0.0,1,2560992,HOSP NOSSA SRA DO PATROCINIO,Pequeno,-6.559705954690768,-40.12125205584911,1.4332593172712995
Intercorrencia,230040,"AIUABA, CE",1,0,0.0,1,2561018,UNID MISTA DE SABOEIRO,Pequeno,-6.53522,-39.9024205,24.74094763355306
Intercorrencia,230040,"AIUABA, CE",1,0,0.0,1,2563347,HOSPITAL ANTONIO ROSENO DE MATOS,Pequeno,-6.765805433552555,-39.979264571176266,26.740963375364853
Intercorrencia,230060,"ALTANEIRA, CE",1,0,0.0,1,2372509,HOSP MUNIC DE ALTANEIRA,Pequeno,-6.999225477776879,-39.73735977217787,0.15410171145565615
Intercorrencia,230060,"ALTANEIRA, CE",1,0,0.0,1,4010825,HOSP MUNIC NOSSA SENHORA DAS DORES,Pequeno,-6.883068029970658,-39.87224579030725,19.652164387244845
Intercorrencia,230060,"ALTANEIRA, CE",1,0,0.0,1,2372479,HOSPITAL GERAL DE FARIAS BRITO HGFB,Pequeno,-6.930616499999999,-39.568966,19.990725507307538
Intercorrencia,230125,"ARARENDA, CE",1,0,0.0,1,2414996,HOSP MUNIC FRANCISCO M LIMA,Pequeno,-4.74886510702092,-40.82982990594955,0.2910139591599226
Intercorrencia,230125,"ARARENDA, CE",1,0,0.0,1,2427133,HOSP MUNIC FRANC ANTONIO DE PINHO,Pequeno,-4.744469,-40.9215284,9.981795168114594
Intercorrencia,230125,"ARARENDA, CE",1,0,0.0,1,2554658,HOSPITAL MUNICIPAL DRA FRANCY FROTA,Pequeno,-4.905369919533366,-40.7616723251689,18.863164706502346
Intercorrencia,230170,"AURORA, CE",1,0,0.0,1,2514729,HOSPITAL GERAL IGNEZ ANDREAZZA,Medio,-6.949135245731451,-38.964639787135766,0.7630407195083319
Intercorrencia,230170,"AURORA, CE",1,0,0.0,1,2554518,HOSPITAL SAO VICENTE FERRER,Medio,-6.755822504665691,-38.95522751414177,20.866617925751257
Intercorrencia,230170,"AURORA, CE",1,0,0.0,1,3384993,HOSPITAL MUNICIPAL DE GRANJEIRO,Pequeno,-6.889104799999999,-39.2255098,29.06721388275498
Intercorrencia,230230,"BELA CRUZ, CE",1,0,0.0,1,2563487,HOSPITAL MUNICIPAL DE BELA CRUZ,Pequeno,-3.0530863,-40.1667241,0.0
Intercorrencia,230230,"BELA CRUZ, CE",1,0,0.0,1,2560984,HOSPITAL MUNICIPAL JAIME OSTERNO,Pequeno,-3.1183744,-40.1498955,7.4963172274473
Intercorrencia,230230,"BELA CRUZ, CE",1,0,0.0,1,2563460,HOSP MUNIC DONA MARIA MUNIZ,Medio,-2.921917927927585,-40.18268711683469,14.692577214110438
Intercorrencia,230300,"CARIDADE, CE",1,0,0.0,1,2563363,HOSPITAL DE PEQUENO PORTE ANA ALENCAR ALVES,Pequeno,-4.229036512481335,-39.1909294756449,0.5124942069281792
Intercorrencia,230300,"CARIDADE, CE",1,0,0.0,1,2611643,HOSPITAL DE PEQUENO PORTE DE CARIDADE,Pequeno,-4.2290373,-39.1909146,0.5128308210822808
Intercorrencia,230300,"CARIDADE, CE",1,0,0.0,1,2664690,HOSPITAL MATERNIDADE DR ARAMIS PAIVA,Pequeno,-4.098724803011324,-39.23930623506502,15.873746290305348
Intercorrencia,230310,"CARIRE, CE",1,0,0.0,1,7043597,HOSPITAL MUNICIPAL DE CARIRE,Pequeno,-3.9482476,-40.4724338,0.23436105661351297
Intercorrencia,230310,"CARIRE, CE",1,0,0.0,1,2426455,HOSP MATERN JOAQUIM GUIMARAES,Pequeno,-3.916113721930148,-40.38879107885586,10.164821009067627
Intercorrencia,230310,"CARIRE, CE",1,0,0.0,1,2479419,HOSPITAL E MATERNIDADE RITA DO VALE REGO,Pequeno,-4.140736873364953,-40.57734831645635,24.144654449566453
Intercorrencia,230380,"CEDRO, CE",1,0,0.0,1,2499029,HOSPITAL E MATERNIDADE ZULMIRA SEDRIN AGUIAR,Medio,-6.6072928,-39.0651707,0.520489619348622
Intercorrencia,230380,"CEDRO, CE",1,0,0.0,1,2554518,HOSPITAL SAO VICENTE FERRER,Medio,-6.755822504665691,-38.95522751414177,20.45777018892639
Intercorrencia,230380,"CEDRO, CE",1,0,0.0,1,2611309,HOSPITAL REGIONAL DE ICO DEPUTADO ORIEL GUIMARAES NUNES,Medio,-6.4005677,-38.8571841,31.997208563792725
Intercorrencia,230423,"CROATA, CE",1,0,0.0,1,2561352,HOSPITAL MUNICIPAL MONSENHOR ANTONINO,Pequeno,-4.4151213,-40.9042025,0.36873149697060176
Intercorrencia,230423,"CROATA, CE",1,0,0.0,1,5018110,HOSPITAL MUNICIPAL DR JOSE EVANGELISTA DE OLIVEIRA,Medio,-4.320780151851159,-40.71289828579279,24.030698835792936
Intercorrencia,230423,"CROATA, CE",1,0,0.0,1,2414872,HOSP MATERN OTACILIO MOTA,Pequeno,-4.5425791,-40.7173442,25.30045178552171
Intercorrencia,230480,"GRANJEIRO, CE",1,0,0.0,1,3384993,HOSPITAL MUNICIPAL DE GRANJEIRO,Pequeno,-6.889104799999999,-39.2255098,0.8066470159208473
Intercorrencia,230480,"GRANJEIRO, CE",1,0,0.0,1,2425343,HOSP MATERN GERALDO L BOTELHO,Pequeno,-7.039834011970959,-39.27653970233924,17.893600178942478
Intercorrencia,230480,"GRANJEIRO, CE",1,0,0.0,1,2514729,HOSPITAL GERAL IGNEZ ANDREAZZA,Medio,-6.949135245731451,-38.964639787135766,28.762134595674517
Intercorrencia,230533,"IBICUITINGA, CE",1,0,0.0,1,2664372,HOSPITAL MUNICIPAL ANTONIO CAVALCANTE DE QUEIROZ,Pequeno,-4.820369682908894,-38.82676823646113,27.296445129527683
Intercorrencia,230533,"IBICUITINGA, CE",1,0,0.0,1,3302490,HOSPITAL REGIONAL FRANCISCO GALVAO DE OLIVEIRA,Medio,-5.104074499999999,-38.3627461,33.52753220858973
Intercorrencia,230533,"IBICUITINGA, CE",1,0,0.0,1,2328399,HOSPITAL E MATERNIDADE JESUS MARIA JOSE HMJMJ,Medio,-4.9669795,-39.0245184,42.89073701494688
Intercorrencia,230655,"ITAREMA, CE",1,0,0.0,1,2806339,HOSP MUNICIPAL NATERCIA JUNIOR RIOS,Pequeno,-2.92015541127297,-39.91522126457491,0.5204432156272446
Intercorrencia,230655,"ITAREMA, CE",1,0,0.0,1,4527372,HOSPITAL DE TRAUMATOLOGIA E ORTOPEDIA DE ACARAU,Medio,-2.885820264715285,-40.09997708815115,21.206932434378515
Intercorrencia,230655,"ITAREMA, CE",1,0,0.0,1,2516632,HOSP DR MOURA FERREIRA,Medio,-2.8857993844743963,-40.11621624812955,22.97666319087043
Intercorrencia,230660,"ITATIRA, CE",1,0,0.0,1,2478994,HOSP MATERN MAE TOTONHA,Pequeno,-4.850944966932015,-39.57605705425922,36.103039315902066
Intercorrencia,230660,"ITATIRA, CE",1,0,0.0,1,2527413,HOSPITAL E MATERNIDADE REGIONAL SAO FRANCISCO,Medio,-4.362193832452204,-39.31369957245525,39.01851104959618
Intercorrencia,230660,"ITATIRA, CE",1,0,0.0,1,2562227,HOSP MATERN JULIA JORGE,Pequeno,-4.051892632124381,-39.45142519757183,56.427991449292946
Intercorrencia,230800,"MASSAPE, CE",1,0,0.0,1,2478277,HOSPITAL SENADOR OZIRES PONTES,Pequeno,-3.5315279,-40.3418157,0.5857330711157169
Intercorrencia,230800,"MASSAPE, CE",1,0,0.0,1,2561069,HOSPITAL CHAGAS BARRETO,Pequeno,-3.5385006,-40.4569375,12.817310253113737
Intercorrencia,230800,"MASSAPE, CE",1,0,0.0,1,6848710,HOSPITAL REGIONAL NORTE,Grande,-3.67692037010037,-40.36864234828256,17.008745558287657
Intercorrencia,230945,"OCARA, CE",1,0,0.0,1,2561441,HOSPITAL E MATERNIDADE FRANCISCO RAIMUNDO MARCOS,Pequeno,-4.4899265,-38.5976366,0.1105675399095415
Intercorrencia,230945,"OCARA, CE",1,0,0.0,1,2373475,HOSPITAL DE BARREIRA,Pequeno,-4.279981753263235,-38.63631880308223,23.838367670892328
Intercorrencia,230945,"OCARA, CE",1,0,0.0,1,2554755,HOSPITAL MUNICIPAL DE CHOROZINHO,Pequeno,-4.300184799999999,-38.49822200000001,23.90983445066292
Intercorrencia,230980,"PACOTI, CE",1,0,0.0,1,2328445,HOSPITAL PADRE QUILIANO E MATERNIDADE DONA NEUSA HOLANDA,Pequeno,-4.225734648360887,-38.91983731641233,0.12178668602029012
Intercorrencia,230980,"PACOTI, CE",1,0,0.0,1,2333740,HOSPITAL MUNICIPAL DE GUARAMIRANGA,Pequeno,-4.261940775004908,-38.93172786357693,4.237356233784004
Intercorrencia,230980,"PACOTI, CE",1,0,0.0,1,2664283,UNIDADE MISTA DE SAUDE VIRGINIA RODRIGUES SIMPLICIO,Pequeno,-4.147284073575639,-38.85083244341426,11.653245653501822
Intercorrencia,231190,"SABOEIRO, CE",1,0,0.0,1,2561018,UNID MISTA DE SABOEIRO,Pequeno,-6.53522,-39.9024205,0.7449514404946135
Intercorrencia,231190,"SABOEIRO, CE",1,0,0.0,1,2564580,UNID MISTA NOSSA SRA DAS ANGUSTIAS,Pequeno,-6.685169337449407,-39.75760964394232,22.970498603666428
Intercorrencia,231190,"SABOEIRO, CE",1,0,0.0,1,2560992,HOSP NOSSA SRA DO PATROCINIO,Pequeno,-6.559705954690768,-40.12125205584911,23.84198585068005
Intercorrencia,231195,"SALITRE, CE",1,0,0.0,1,2372460,HOSPITAL DE PEQUENO PORTE SAO FRANCISCO SALITRE,Pequeno,-7.279063499999999,-40.4536561,0.5138192909065284
Intercorrencia,231195,"SALITRE, CE",1,0,0.0,1,2372517,HOSPITAL MUNICIPAL DE CAMPOS SALES,Pequeno,-7.0743223,-40.37156,25.00186848164537
Intercorrencia,231195,"SALITRE, CE",1,0,0.0,1,2372487,HOSP MATERN LIA LOIOLA DE ALENCAR,Pequeno,-7.21356330254606,-40.13637969243444,36.123752605960924
Intercorrencia,231210,"SANTANA DO CARIRI, CE",1,0,0.0,1,2563355,HOSP MATERN SENHORA SANTANA,Pequeno,-7.183742290491774,-39.73852693826544,0.2463042165880354
Intercorrencia,231210,"SANTANA DO CARIRI, CE",1,0,0.0,1,2372509,HOSP MUNIC DE ALTANEIRA,Pequeno,-6.999225477776879,-39.73735977217787,20.72753740477124
Intercorrencia,231210,"SANTANA DO CARIRI, CE",1,0,0.0,1,2372495,HOSPITAL MUNICIPAL DE POTENGI,Pequeno,-7.0907724,-40.0273072,33.684503375495424
Intercorrencia,231370,"UMARI, CE",1,0,0.0,1,2499045,HOSPITAL DE PEQUENO PORTE DE UMARI ECILDA BARBOSA RIBEIRO,Pequeno,-6.649204084177439,-38.696708356786885,0.6634392356529706
Intercorrencia,231370,"UMARI, CE",1,0,0.0,1,2552345,HOSPITAL SAO FRANCISCO,Pequeno,-6.728778115621996,-38.71562915938775,9.46771945756318
Intercorrencia,231370,"UMARI, CE",1,0,0.0,1,2554771,HOSPITAL MATERNIDADE MARIA JOSE DOS SANTOS,Pequeno,-6.789129133256757,-38.7259767577818,16.274986474904075
Intercorrencia,231380,"URUBURETAMA, CE",1,0,0.0,1,2560836,HOSP MUNIC ANTONIO NERY FILHO,Pequeno,-3.625982250778792,-39.50708121988825,0.5569860181364071
Intercorrencia,231380,"URUBURETAMA, CE",1,0,0.0,1,2426218,HOSPITAL MUNICIPAL DR WALDEMAR DE ALCANTARA,Pequeno,-3.605621418159056,-39.43601982856045,8.187370508522628
Intercorrencia,231380,"URUBURETAMA, CE",1,0,0.0,1,2562146,HOSPITAL MUNICIPAL ROQUE SILVA MOTA,Pequeno,-3.675980365431492,-39.58484718363126,10.473353192558791
