MUNIC_RES,MUNICIPIO,TOTAL_INTERNACOES,INTERNACOES_PARA_SOBRECARREGADO,QTD_HOSPITAIS_DESTINO,PERC_PARA_SOBRECARREGADO
230440,"FORTALEZA, CE",511,412,13,0.8062622309197651
230370,"CAUCAIA, CE",44,36,7,0.8181818181818182
230765,"MARACANAU, CE",46,29,5,0.6304347826086957
231180,"RUSSAS, CE",29,27,5,0.9310344827586207
230428,"EUSEBIO, CE",21,19,3,0.9047619047619048
230770,"MARANGUAPE, CE",17,16,3,0.9411764705882353
231330,"TAUA, CE",17,15,5,0.8823529411764706
230640,"ITAPIPOCA, CE",18,13,2,0.7222222222222222
230350,"CASCAVEL, CE",13,12,2,0.9230769230769231
230625,"ITAITINGA, CE",13,11,3,0.8461538461538461
231400,"VARZEA ALEGRE, CE",12,10,2,0.8333333333333334
230630,"ITAPAGE, CE",9,8,2,0.8888888888888888
230195,"BARREIRA, CE",8,8,1,1.0
231290,"SOBRAL, CE",20,7,3,0.35
230960,"PACAJUS, CE",13,7,3,0.5384615384615384
231130,"QUIXADA, CE",10,7,4,0.7
231050,"PEDRA BRANCA, CE",9,7,2,0.7777777777777778
231350,"TRAIRI, CE",9,7,3,0.7777777777777778
230100,"AQUIRAZ, CE",7,7,1,1.0
231140,"QUIXERAMOBIM, CE",16,6,4,0.375
230140,"ARATUBA, CE",6,6,1,1.0
230870,"MORADA NOVA, CE",14,5,5,0.35714285714285715
230550,"IGUATU, CE",10,5,3,0.5
230540,"ICO, CE",9,5,2,0.5555555555555556
230760,"LIMOEIRO DO NORTE, CE",9,5,5,0.5555555555555556
230120,"ARACOIABA, CE",8,5,4,0.625
230523,"HORIZONTE, CE",7,5,4,0.7142857142857143
230495,"GUAIUBA, CE",5,5,2,1.0
231030,"PARAMBU, CE",5,5,1,1.0
231270,"SENADOR POMPEU, CE",13,4,3,0.3076923076923077
231150,"QUIXERE, CE",8,4,3,0.5
230700,"JAGUARUANA, CE",5,4,3,0.8
231025,"PARAIPABA, CE",4,4,1,1.0
231085,"PINDORETAMA, CE",4,4,1,1.0
230420,"CRATO, CE",12,3,4,0.25
230110,"ARACATI, CE",7,3,2,0.42857142857142855
230240,"BOA VIAGEM, CE",7,3,2,0.42857142857142855
230740,"JUCAS, CE",4,3,2,0.75
231090,"PIQUET CARNEIRO, CE",4,3,2,0.75
230185,"BANABUIU, CE",3,3,1,1.0
230730,"JUAZEIRO DO NORTE, CE",23,2,4,0.08695652173913043
230020,"ACARAU, CE",10,2,3,0.2
231240,"SAO GONCALO DO AMARANTE, CE",8,2,3,0.25
230930,"NOVA RUSSAS, CE",7,2,2,0.2857142857142857
230425,"CRUZ, CE",5,2,2,0.4
230590,"IPUEIRAS, CE",4,2,3,0.5
230600,"IRACEMA, CE",4,2,2,0.5
230680,"JAGUARIBARA, CE",4,2,4,0.5
231135,"QUIXELO, CE",4,2,3,0.5
230470,"GRANJA, CE",3,2,2,0.6666666666666666
231080,"PEREIRO, CE",3,2,2,0.6666666666666666
231310,"TABULEIRO DO NORTE, CE",3,2,3,0.6666666666666666
230015,"ACARAPE, CE",2,2,1,1.0
230395,"CHOROZINHO, CE",2,2,1,1.0
230460,"GENERAL SAMPAIO, CE",2,2,1,1.0
231335,"TEJUCUOCA, CE",2,2,1,1.0
230280,"CANINDE, CE",13,1,3,0.07692307692307693
231340,"TIANGUA, CE",6,1,3,0.16666666666666666
230220,"BEBERIBE, CE",4,1,2,0.25
231320,"TAMBORIL, CE",4,1,2,0.25
230260,"CAMOCIM, CE",3,1,3,0.3333333333333333
230950,"OROS, CE",3,1,2,0.3333333333333333
231230,"SAO BENEDITO, CE",3,1,3,0.3333333333333333
231300,"SOLONOPOLE, CE",3,1,2,0.3333333333333333
230210,"BATURITE, CE",2,1,2,0.5
230670,"JAGUARETAMA, CE",2,1,2,0.5
230690,"JAGUARIBE, CE",2,1,2,0.5
230763,"MADALENA, CE",2,1,2,0.5
230860,"MONSENHOR TABOSA, CE",2,1,2,0.5
230900,"MUCAMBO, CE",2,1,2,0.5
230970,"PACATUBA, CE",2,1,2,0.5
231020,"PARACURU, CE",2,1,2,0.5
130260,"MANAUS, AM",1,1,1,1.0
230075,"AMONTADA, CE",1,1,1,1.0
230090,"APUIARES, CE",1,1,1,1.0
230150,"ARNEIROZ, CE",1,1,1,1.0
230360,"CATARINA, CE",1,1,1,1.0
230365,"CATUNDA, CE",1,1,1,1.0
230465,"GRACA, CE",1,1,1,1.0
230520,"HIDROLANDIA, CE",1,1,1,1.0
230610,"IRAUCUBA, CE",1,1,1,1.0
230910,"MULUNGU, CE",1,1,1,1.0
231250,"SAO JOAO DO JAGUARIBE, CE",1,1,1,1.0
231355,"TURURU, CE",1,1,1,1.0
231360,"UBAJARA, CE",1,1,1,1.0
230810,"MAURITI, CE",15,0,3,0.0
230190,"BARBALHA, CE",12,0,2,0.0
230030,"ACOPIARA, CE",6,0,1,0.0
230410,"CRATEUS, CE",5,0,1,0.0
231070,"PENTECOSTE, CE",5,0,2,0.0
231375,"UMIRIM, CE",5,0,3,0.0
230250,"BREJO SANTO, CE",4,0,2,0.0
230320,"CARIRIACU, CE",4,0,2,0.0
230830,"MILAGRES, CE",4,0,3,0.0
231220,"SANTA QUITERIA, CE",4,0,2,0.0
230070,"ALTO SANTO, CE",3,0,3,0.0
230530,"IBIAPINA, CE",3,0,2,0.0
230580,"IPU, CE",3,0,1,0.0
230750,"LAVRAS DA MANGABEIRA, CE",3,0,1,0.0
230780,"MARCO, CE",3,0,2,0.0
230940,"NOVO ORIENTE, CE",3,0,2,0.0
230130,"ARARIPE, CE",2,0,1,0.0
230270,"CAMPOS SALES, CE",2,0,2,0.0
230445,"FORTIM, CE",2,0,1,0.0
230450,"FRECHEIRINHA, CE",2,0,1,0.0
230560,"INDEPENDENCIA, CE",2,0,1,0.0
230565,"IPAPORANGA, CE",2,0,2,0.0
230570,"IPAUMIRIM, CE",2,0,2,0.0
230840,"MISSAO VELHA, CE",2,0,1,0.0
230850,"MOMBACA, CE",2,0,1,0.0
231160,"REDENCAO, CE",2,0,1,0.0
231200,"SANTANA DO ACARAU, CE",2,0,2,0.0
231325,"TARRAFAS, CE",2,0,2,0.0
230010,"ABAIARA, CE",1,0,1,0.0
230040,"AIUABA, CE",1,0,1,0.0
230060,"ALTANEIRA, CE",1,0,1,0.0
230125,"ARARENDA, CE",1,0,1,0.0
230170,"AURORA, CE",1,0,1,0.0
230230,"BELA CRUZ, CE",1,0,1,0.0
230300,"CARIDADE, CE",1,0,1,0.0
230310,"CARIRE, CE",1,0,1,0.0
230380,"CEDRO, CE",1,0,1,0.0
230423,"CROATA, CE",1,0,1,0.0
230480,"GRANJEIRO, CE",1,0,1,0.0
230533,"IBICUITINGA, CE",1,0,1,0.0
230655,"ITAREMA, CE",1,0,1,0.0
230660,"ITATIRA, CE",1,0,1,0.0
230800,"MASSAPE, CE",1,0,1,0.0
230945,"OCARA, CE",1,0,1,0.0
230980,"PACOTI, CE",1,0,1,0.0
231190,"SABOEIRO, CE",1,0,1,0.0
231195,"SALITRE, CE",1,0,1,0.0
231210,"SANTANA DO CARIRI, CE",1,0,1,0.0
231370,"UMARI, CE",1,0,1,0.0
231380,"URUBURETAMA, CE",1,0,1,0.0
